bmwDate,bmwLast Price,simensLast Price
06/24/14,93,98
06/23/14,91,98
06/20/14,92,100
06/19/14,92,99
06/18/14,91,98
06/17/14,90,99
06/16/14,90,98
06/13/14,90,98
06/12/14,91,98
06/11/14,91,98
06/10/14,92,99
06/09/14,92,99
06/06/14,92,99
06/05/14,92,98
06/04/14,91,97
06/03/14,92,97
06/02/14,91,97
05/30/14,92,97
05/29/14,92,97
05/28/14,91,98
05/27/14,91,97
05/26/14,91,97
05/23/14,89,96
05/22/14,89,95
05/21/14,88,94
05/20/14,88,94
05/19/14,88,95
05/16/14,86,96
05/15/14,88,96
05/14/14,89,98
05/13/14,89,99
05/12/14,88,98
05/09/14,88,96
05/08/14,88,96
05/07/14,88,95
05/06/14,88,93
05/05/14,88,94
05/02/14,89,94
04/30/14,90,95
04/29/14,90,94
04/28/14,89,93
04/25/14,89,95
04/24/14,91,97
04/23/14,92,97
04/22/14,94,99
04/17/14,92,97
04/16/14,90,96
04/15/14,88,94
04/14/14,90,96
04/11/14,90,96
04/10/14,90,97
04/09/14,91,98
04/08/14,91,98
04/07/14,91,97
04/04/14,93,99
04/03/14,93,98
04/02/14,92,98
04/01/14,92,98
03/31/14,91,97
03/28/14,92,98
03/27/14,91,97
03/26/14,90,97
03/25/14,89,97
03/24/14,88,95
03/21/14,88,97
03/20/14,87,96
03/19/14,86,94
03/18/14,80,94
03/17/14,80,93
03/14/14,79,90
03/13/14,80,89
03/12/14,80,90
03/11/14,81,92
03/10/14,80,91
03/07/14,81,92
03/06/14,83,95
03/05/14,82,95
03/04/14,82,95
03/03/14,81,92
02/28/14,84,96
02/27/14,83,96
02/26/14,84,96
02/25/14,83,96
02/24/14,84,95
02/21/14,85,94
02/20/14,84,95
02/19/14,85,95
02/18/14,84,94
02/17/14,84,95
02/14/14,86,95
02/13/14,85,94
02/12/14,84,94
02/11/14,84,94
02/10/14,82,93
02/07/14,81,93
02/06/14,81,92
02/05/14,79,92
02/04/14,80,91
02/03/14,79,92
01/31/14,80,93
01/30/14,80,94
01/29/14,80,94
01/28/14,81,98
01/27/14,80,97
01/24/14,81,96
01/23/14,84,97
01/22/14,85,98
01/21/14,85,99
01/20/14,86,100
01/17/14,86,100
01/16/14,85,100
01/15/14,84,101
01/14/14,84,98
01/13/14,84,98
01/10/14,83,97
01/09/14,83,97
01/08/14,84,98
01/07/14,83,99
01/06/14,82,99
01/03/14,83,99
01/02/14,83,98
12/30/13,85,99
12/27/13,85,100
12/23/13,84,99
12/20/13,83,98
12/19/13,83,97
12/18/13,82,95
12/17/13,80,94
12/16/13,80,96
12/13/13,79,93
12/12/13,79,93
12/11/13,80,93
12/10/13,81,94
12/09/13,82,94
12/06/13,82,94
12/05/13,81,93
12/04/13,82,94
12/03/13,83,95
12/02/13,85,97
11/29/13,84,97
11/28/13,84,98
11/27/13,84,98
11/26/13,84,97
11/25/13,84,97
11/22/13,83,96
11/21/13,83,95
11/20/13,83,96
11/19/13,83,96
11/18/13,83,96
11/15/13,81,96
11/14/13,81,96
11/13/13,80,95
11/12/13,81,94
11/11/13,82,95
11/08/13,81,95
11/07/13,81,95
11/06/13,82,92
11/05/13,81,92
11/04/13,83,93
11/01/13,82,93
10/31/13,83,94
10/30/13,82,93
10/29/13,82,94
10/28/13,82,93
10/25/13,83,93
10/24/13,83,93
10/23/13,82,92
10/22/13,81,92
10/21/13,82,90
10/18/13,82,90
10/17/13,81,89
10/16/13,82,90
10/15/13,82,90
10/14/13,80,91
10/11/13,80,91
10/10/13,80,90
10/09/13,78,88
10/08/13,78,89
10/07/13,79,89
10/04/13,79,90
10/03/13,79,90
10/02/13,79,91
10/01/13,80,91
09/30/13,79,89
09/27/13,80,89
09/26/13,79,90
09/25/13,80,90
09/24/13,80,89
09/23/13,80,89
09/20/13,80,90
09/19/13,81,90
09/18/13,80,89
09/17/13,80,88
09/16/13,80,87
09/13/13,79,86
09/12/13,79,87
09/11/13,80,88
09/10/13,79,88
09/09/13,78,86
09/06/13,77,87
09/05/13,76,84
09/04/13,72,82
09/03/13,72,81
09/02/13,72,81
08/30/13,71,80
08/29/13,72,81
08/28/13,71,81
08/27/13,73,81
08/26/13,75,82
08/23/13,75,82
08/22/13,75,82
08/21/13,73,81
08/20/13,74,82
08/19/13,75,82
08/16/13,75,83
08/15/13,74,83
08/14/13,74,84
08/13/13,73,83
08/12/13,73,83
08/09/13,72,83
08/08/13,71,83
08/07/13,70,83
08/06/13,71,83
08/05/13,72,83
08/02/13,72,83
08/01/13,73,84
07/31/13,73,82
07/30/13,74,80
07/29/13,73,79
07/26/13,74,79
07/25/13,74,78
07/24/13,73,83
07/23/13,72,83
07/22/13,72,83
07/19/13,72,83
07/18/13,72,82
07/17/13,71,81
07/16/13,71,80
07/15/13,70,79
07/12/13,70,79
07/11/13,70,79
07/10/13,69,78
07/09/13,69,78
07/08/13,67,78
07/05/13,66,75
07/04/13,67,76
07/03/13,66,75
07/02/13,66,76
07/01/13,67,77
06/28/13,67,75
06/27/13,67,75
06/26/13,66,74
06/25/13,65,74
06/24/13,64,73
06/21/13,64,74
06/20/13,66,75
06/19/13,69,77
06/18/13,69,77
06/17/13,70,77
06/14/13,70,76
06/13/13,69,76
06/12/13,70,77
06/11/13,71,78
06/10/13,72,78
06/07/13,72,77
06/06/13,71,77
06/05/13,72,78
06/04/13,73,78
06/03/13,73,78
05/31/13,73,79
05/30/13,73,80
05/29/13,72,80
05/28/13,72,80
05/27/13,71,80
05/24/13,70,79
05/23/13,71,78
05/22/13,73,79
05/21/13,73,78
05/20/13,74,78
05/17/13,71,78
05/16/13,71,78
05/15/13,71,78
05/14/13,73,78
05/13/13,72,79
05/10/13,71,79
05/09/13,71,78
05/08/13,71,78
05/07/13,70,77
05/06/13,71,77
05/03/13,72,78
05/02/13,70,77
04/30/13,70,76
04/29/13,69,77
04/26/13,68,76
04/25/13,68,77
04/24/13,67,76
04/23/13,66,75
04/22/13,65,73
04/19/13,64,73
04/18/13,63,74
04/17/13,65,75
04/16/13,66,76
04/15/13,66,76
04/12/13,67,78
04/11/13,69,79
04/10/13,67,79
04/09/13,65,78
04/08/13,66,78
04/05/13,66,78
04/04/13,67,80
04/03/13,68,81
04/02/13,68,83
03/28/13,67,81
03/27/13,69,81
03/26/13,69,82
03/25/13,69,83
03/22/13,69,83
03/21/13,69,84
03/20/13,70,82
03/19/13,69,82
03/18/13,70,81
03/15/13,70,80
03/14/13,70,81
03/13/13,71,80
03/12/13,72,80
03/11/13,72,80
03/08/13,72,80
03/07/13,72,79
03/06/13,71,79
03/05/13,71,78
03/04/13,69,77
03/01/13,69,77
02/28/13,70,77
02/27/13,70,76
02/26/13,69,75
02/25/13,70,77
02/22/13,68,75
02/21/13,69,74
02/20/13,70,76
02/19/13,71,76
02/18/13,71,75
02/15/13,71,75
02/14/13,71,76
02/13/13,72,76
02/12/13,71,75
02/11/13,72,74
02/08/13,73,74
02/07/13,71,74
02/06/13,71,74
02/05/13,71,75
02/04/13,72,75
02/01/13,74,77
01/31/13,74,78
01/30/13,74,78
01/29/13,75,79
01/28/13,75,78
01/25/13,75,79
01/24/13,74,78
01/23/13,74,81
01/22/13,74,81
01/21/13,74,80
01/18/13,73,80
01/17/13,74,80
01/16/13,73,80
01/15/13,72,80
01/14/13,73,80
01/11/13,73,81
01/10/13,72,80
01/09/13,72,80
01/08/13,73,80
01/07/13,75,81
01/04/13,75,81
01/03/13,75,81
01/02/13,75,81
12/28/12,72,79
12/27/12,73,80
12/21/12,72,79
12/20/12,72,80
12/19/12,72,80
12/18/12,72,80
12/17/12,71,79
12/14/12,71,79
12/13/12,70,79
12/12/12,70,79
12/11/12,70,79
12/10/12,69,78
12/07/12,69,78
12/06/12,68,78
12/05/12,67,77
12/04/12,67,77
12/03/12,67,77
11/30/12,68,76
11/29/12,67,76
11/28/12,67,76
11/27/12,66,76
11/26/12,66,75
11/23/12,65,75
11/22/12,65,75
11/21/12,66,75
11/20/12,65,76
11/19/12,65,75
11/16/12,61,74
11/15/12,62,74
11/14/12,63,75
11/13/12,63,77
11/12/12,63,76
11/09/12,64,77
11/08/12,63,77
11/07/12,64,76
11/06/12,64,77
11/05/12,64,76
11/02/12,65,77
11/01/12,63,75
10/31/12,61,75
10/30/12,61,75
10/29/12,60,74
10/26/12,60,74
10/25/12,60,74
10/24/12,60,74
10/23/12,60,74
10/22/12,61,75
10/19/12,62,75
10/18/12,62,76
10/17/12,61,75
10/16/12,60,75
10/15/12,60,73
10/12/12,60,73
10/11/12,60,74
10/10/12,59,75
10/09/12,59,75
10/08/12,60,76
10/05/12,60,77
10/04/12,59,76
10/03/12,57,76
10/02/12,57,76
10/01/12,57,76
09/28/12,56,75
09/27/12,57,75
09/26/12,57,75
09/25/12,58,76
09/24/12,59,76
09/21/12,59,76
09/20/12,59,77
09/19/12,61,76
09/18/12,60,76
09/17/12,61,76
09/14/12,62,77
09/13/12,59,75
09/12/12,60,75
09/11/12,59,75
09/10/12,58,75
09/07/12,58,74
09/06/12,57,74
09/05/12,55,72
09/04/12,55,72
09/03/12,57,73
08/31/12,57,73
08/30/12,57,72
08/29/12,60,72
08/28/12,60,72
08/27/12,60,72
08/24/12,60,72
08/23/12,60,71
08/22/12,61,72
08/21/12,61,73
08/20/12,61,72
08/17/12,61,72
08/16/12,59,71
08/15/12,58,71
08/14/12,59,71
08/13/12,59,71
08/10/12,59,71
08/09/12,60,71
08/08/12,60,71
08/07/12,60,71
08/06/12,59,71
08/03/12,58,70
08/02/12,56,66
08/01/12,58,67
07/31/12,60,66
07/30/12,60,66
07/27/12,59,64
07/26/12,57,64
07/25/12,55,65
07/24/12,55,64
07/23/12,56,65
07/20/12,58,67
07/19/12,59,67
07/18/12,58,67
07/17/12,57,66
07/16/12,57,66
07/13/12,57,65
07/12/12,55,64
07/11/12,56,65
07/10/12,57,64
07/09/12,56,64
07/06/12,56,64
07/05/12,59,65
07/04/12,58,65
07/03/12,58,65
07/02/12,57,65
06/29/12,56,64
06/28/12,54,61
06/27/12,54,61
06/26/12,53,61
06/25/12,54,62
06/22/12,56,63
06/21/12,57,64
06/20/12,58,65
06/19/12,57,65
06/18/12,57,64
06/15/12,55,64
06/14/12,56,62
06/13/12,57,62
06/12/12,58,63
06/11/12,58,63
06/08/12,58,63
06/07/12,59,63
06/06/12,58,62
06/05/12,57,62
06/04/12,56,62
06/01/12,58,62
05/31/12,61,64
05/30/12,62,65
05/29/12,64,66
05/28/12,62,66
05/25/12,61,66
05/24/12,61,64
05/23/12,61,64
05/22/12,63,65
05/21/12,61,64
05/18/12,61,63
05/17/12,62,63
05/16/12,66,64
05/15/12,66,64
05/14/12,66,65
05/11/12,67,66
05/10/12,66,65
05/09/12,67,64
05/08/12,67,64
05/07/12,70,65
05/04/12,68,65
05/03/12,71,66
05/02/12,71,66
04/30/12,71,67
04/27/12,72,68
04/26/12,71,68
04/25/12,69,68
04/24/12,67,67
04/23/12,67,66
04/20/12,69,68
04/19/12,68,67
04/18/12,69,68
04/17/12,70,70
04/16/12,68,69
04/13/12,67,69
04/12/12,68,70
04/11/12,66,70
04/10/12,65,70
04/05/12,66,71
04/04/12,66,71
04/03/12,67,73
04/02/12,69,74
03/30/12,67,73
03/29/12,65,72
03/28/12,67,73
03/27/12,68,74
03/26/12,68,74
03/23/12,67,74
03/22/12,67,75
03/21/12,68,76
03/20/12,68,76
03/19/12,71,77
03/16/12,73,77
03/15/12,73,76
03/14/12,73,74
03/13/12,70,73
03/12/12,71,72
03/09/12,70,72
03/08/12,69,72
03/07/12,68,71
03/06/12,67,70
03/05/12,70,71
03/02/12,70,72
03/01/12,71,73
02/29/12,69,72
02/28/12,69,72
02/27/12,69,72
02/24/12,70,72
02/23/12,69,72
02/22/12,70,72
02/21/12,71,72
02/20/12,72,72
02/17/12,71,72
02/16/12,70,71
02/15/12,70,71
02/14/12,70,71
02/13/12,70,72
02/10/12,69,72
02/09/12,71,73
02/08/12,69,73
02/07/12,69,73
02/06/12,70,73
02/03/12,69,73
02/02/12,68,71
02/01/12,67,70
01/31/12,65,69
01/30/12,64,70
01/27/12,64,70
01/26/12,65,71
01/25/12,63,71
01/24/12,63,74
01/23/12,63,75
01/20/12,63,75
01/19/12,62,75
01/18/12,62,75
01/17/12,62,74
01/16/12,59,73
01/13/12,58,73
01/12/12,59,73
01/11/12,58,73
01/10/12,58,73
01/09/12,56,73
01/06/12,55,73
01/05/12,56,73
01/04/12,55,74
01/03/12,55,74
01/02/12,53,73
12/30/11,51,71
12/29/11,51,71
12/28/11,51,70
12/27/11,52,70
12/23/11,52,70
12/22/11,52,70
12/21/11,52,69
12/20/11,52,70
12/19/11,50,69
12/16/11,49,69
12/15/11,50,69
12/14/11,50,69
12/13/11,52,70
12/12/11,52,70
12/09/11,53,72
12/08/11,53,71
12/07/11,55,72
12/06/11,56,73
12/05/11,56,73
12/02/11,55,72
12/01/11,55,72
11/30/11,55,72
11/29/11,52,70
11/28/11,52,69
11/25/11,50,66
11/24/11,49,65
11/23/11,49,65
11/22/11,50,67
11/21/11,51,67
11/18/11,53,69
11/17/11,54,70
11/16/11,55,70
11/15/11,57,70
11/14/11,58,71
11/11/11,58,71
11/10/11,57,70
11/09/11,56,70
11/08/11,58,71
11/07/11,58,70
11/04/11,57,71
11/03/11,60,73
11/02/11,57,71
11/01/11,56,71
10/31/11,59,73
10/28/11,61,75
10/27/11,61,75
10/26/11,57,72
10/25/11,57,73
10/24/11,57,73
10/21/11,57,71
10/20/11,54,69
10/19/11,55,71
10/18/11,55,71
10/17/11,54,71
10/14/11,56,72
10/13/11,54,71
10/12/11,54,71
10/11/11,53,70
10/10/11,52,71
10/07/11,50,69
10/06/11,48,68
10/05/11,47,66
10/04/11,45,63
10/03/11,47,64
09/30/11,49,66
09/29/11,52,67
09/28/11,53,66
09/27/11,53,67
09/26/11,50,64
09/23/11,52,63
09/22/11,52,64
09/21/11,56,67
09/20/11,57,68
09/19/11,56,66
09/16/11,57,67
09/15/11,56,67
09/14/11,55,64
09/13/11,51,62
09/12/11,50,62
09/09/11,51,62
09/08/11,53,65
09/07/11,53,66
09/06/11,50,63
09/05/11,50,63
09/02/11,54,67
09/01/11,56,69
08/31/11,56,69
08/30/11,54,68
08/29/11,54,68
08/26/11,54,67
08/25/11,53,68
08/24/11,53,68
08/23/11,51,67
08/22/11,50,66
08/19/11,52,66
08/18/11,54,67
08/17/11,58,71
08/16/11,58,72
08/15/11,59,72
08/12/11,59,71
08/11/11,57,70
08/10/11,55,68
08/09/11,58,71
08/08/11,55,70
08/05/11,60,73
08/04/11,61,75
08/03/11,65,78
08/02/11,65,81
08/01/11,67,83
07/29/11,69,86
07/28/11,70,87
07/27/11,70,88
07/26/11,72,90
07/25/11,73,90
07/22/11,71,90
07/21/11,71,90
07/20/11,71,89
07/19/11,72,90
07/18/11,71,88
07/15/11,72,90
07/14/11,71,90
07/13/11,70,91
07/12/11,67,90
07/11/11,66,90
07/08/11,68,91
07/07/11,69,92
07/06/11,67,92
07/05/11,68,91
07/04/11,68,91
07/01/11,67,91
06/30/11,68,91
06/29/11,68,90
06/28/11,69,88
06/27/11,67,89
06/24/11,67,89
06/23/11,65,88
06/22/11,65,89
06/21/11,64,90
06/20/11,63,88
06/17/11,64,89
06/16/11,63,88
06/15/11,62,88
06/14/11,63,88
06/13/11,62,86
06/10/11,62,86
06/09/11,62,88
06/08/11,61,86
06/07/11,60,87
06/06/11,60,87
06/03/11,60,88
06/02/11,60,87
06/01/11,60,88
05/31/11,61,90
05/30/11,60,87
05/27/11,60,87
05/26/11,59,87
05/25/11,60,87
05/24/11,60,88
05/23/11,59,87
05/20/11,60,88
05/19/11,61,90
05/18/11,61,88
05/17/11,60,89
05/16/11,61,90
05/13/11,61,90
05/12/11,63,91
05/11/11,63,93
05/10/11,62,93
05/09/11,61,91
05/06/11,62,92
05/05/11,61,91
05/04/11,62,91
05/03/11,63,94
05/02/11,64,94
04/29/11,63,95
04/28/11,63,95
04/27/11,61,94
04/26/11,61,93
04/21/11,61,92
04/20/11,60,92
04/19/11,58,89
04/18/11,57,89
04/15/11,58,91
04/14/11,57,90
04/13/11,57,90
04/12/11,56,90
04/11/11,57,92
04/08/11,58,93
04/07/11,59,93
04/06/11,60,94
04/05/11,61,93
04/04/11,60,95
04/01/11,61,96
03/31/11,58,93
03/30/11,58,93
03/29/11,57,91
03/28/11,57,91
03/25/11,57,91
03/24/11,57,90
03/23/11,55,88
03/22/11,54,88
03/21/11,55,90
03/18/11,55,87
03/17/11,54,87
03/16/11,53,83
03/15/11,54,86
03/14/11,55,87
03/11/11,56,88
03/10/11,57,89
03/09/11,58,90
03/08/11,57,91
03/07/11,57,91
03/04/11,57,92
03/03/11,58,93
03/02/11,58,92
03/01/11,59,93
02/28/11,58,94
02/25/11,58,91
02/24/11,57,90
02/23/11,58,89
02/22/11,60,92
02/21/11,60,93
02/18/11,60,94
02/17/11,61,94
02/16/11,61,93
02/15/11,61,91
02/14/11,63,92
02/11/11,63,91
02/10/11,61,90
02/09/11,61,91
02/08/11,61,91
02/07/11,58,91
02/04/11,56,90
02/03/11,57,90
02/02/11,56,90
02/01/11,56,92
01/31/11,56,90
01/28/11,57,90
01/27/11,57,91
01/26/11,56,91
01/25/11,56,90
01/24/11,55,90
01/21/11,55,89
01/20/11,55,87
01/19/11,57,88
01/18/11,58,88
01/17/11,58,88
01/14/11,58,88
01/13/11,57,89
01/12/11,59,90
01/11/11,59,88
01/10/11,58,86
01/07/11,59,86
01/06/11,59,87
01/05/11,60,87
01/04/11,60,89
01/03/11,61,91
12/30/10,58,89
12/29/10,58,91
12/28/10,58,91
12/27/10,59,91
12/23/10,63,91
12/22/10,64,91
12/21/10,64,91
12/20/10,63,91
12/17/10,61,89
12/16/10,62,90
12/15/10,62,90
12/14/10,62,88
12/13/10,63,88
12/10/10,62,87
12/09/10,60,86
12/08/10,61,88
12/07/10,63,88
12/06/10,62,87
12/03/10,63,86
12/02/10,63,87
12/01/10,60,85
11/30/10,57,81
11/29/10,57,81
11/26/10,59,83
11/25/10,59,83
11/24/10,59,82
11/23/10,56,81
11/22/10,57,82
11/19/10,56,82
11/18/10,56,83
11/17/10,54,81
11/16/10,54,80
11/15/10,56,82
11/12/10,55,83
11/11/10,54,82
11/10/10,53,80
11/09/10,54,82
11/08/10,53,82
11/05/10,54,81
11/04/10,54,80
11/03/10,51,79
11/02/10,52,80
11/01/10,52,79
10/29/10,51,79
10/28/10,49,79
10/27/10,49,78
10/26/10,50,79
10/25/10,50,80
10/22/10,50,80
10/21/10,50,81
10/20/10,49,80
10/19/10,49,79
10/18/10,49,79
10/15/10,49,78
10/14/10,50,78
10/13/10,50,77
10/12/10,50,74
10/11/10,49,74
10/08/10,50,74
10/07/10,50,74
10/06/10,49,75
10/05/10,49,73
10/04/10,48,73
10/01/10,49,74
09/30/10,51,75
09/29/10,51,75
09/28/10,50,75
09/27/10,50,75
09/24/10,50,76
09/23/10,48,74
09/22/10,48,74
09/21/10,48,76
09/20/10,49,76
09/17/10,47,74
09/16/10,47,75
09/15/10,47,73
09/14/10,47,73
09/13/10,46,73
09/10/10,46,73
09/09/10,45,73
09/08/10,44,73
09/07/10,43,72
09/06/10,44,72
09/03/10,44,72
09/02/10,43,71
09/01/10,42,71
08/31/10,41,69
08/30/10,41,69
08/27/10,41,70
08/26/10,41,69
08/25/10,41,68
08/24/10,41,69
08/23/10,41,70
08/20/10,41,71
08/19/10,42,71
08/18/10,43,74
08/17/10,43,73
08/16/10,41,72
08/13/10,41,72
08/12/10,41,72
08/11/10,42,73
08/10/10,43,75
08/09/10,44,76
08/06/10,43,73
08/05/10,44,75
08/04/10,43,74
08/03/10,43,75
08/02/10,41,75
07/30/10,41,72
07/29/10,40,72
07/28/10,40,73
07/27/10,41,74
07/26/10,42,74
07/23/10,41,74
07/22/10,41,73
07/21/10,40,71
07/20/10,41,70
07/19/10,41,70
07/16/10,42,71
07/15/10,42,72
07/14/10,41,73
07/13/10,42,73
07/12/10,38,71
07/09/10,39,70
07/08/10,38,71
07/07/10,39,70
07/06/10,39,69
07/05/10,38,69
07/02/10,37,69
07/01/10,38,70
06/30/10,40,71
06/29/10,39,71
06/28/10,41,74
06/25/10,40,72
06/24/10,41,72
06/23/10,41,74
06/22/10,41,76
06/21/10,41,76
06/18/10,40,74
06/17/10,39,75
06/16/10,39,75
06/15/10,39,75
06/14/10,39,74
06/11/10,40,72
06/10/10,40,73
06/09/10,38,72
06/08/10,37,70
06/07/10,38,69
06/04/10,38,70
06/03/10,39,72
06/02/10,38,71
06/01/10,38,71
05/31/10,37,71
05/28/10,37,71
05/27/10,37,71
05/26/10,35,68
05/25/10,35,66
05/24/10,36,68
05/21/10,36,68
05/20/10,36,69
05/19/10,37,72
05/18/10,39,74
05/17/10,38,71
05/14/10,38,71
05/13/10,39,75
05/12/10,39,73
05/11/10,38,72
05/10/10,37,71
05/07/10,35,66
05/06/10,36,68
05/05/10,35,68
05/04/10,35,68
05/03/10,37,70
04/30/10,37,72
04/29/10,36,70
04/28/10,36,69
04/27/10,37,70
04/26/10,37,73
04/23/10,37,70
04/22/10,36,69
04/21/10,36,70
04/20/10,36,71
04/19/10,35,69
04/16/10,35,68
04/15/10,35,70
04/14/10,35,71
04/13/10,35,71
04/12/10,35,72
04/09/10,34,72
04/08/10,34,71
04/07/10,34,72
04/06/10,35,73
04/01/10,35,73
03/31/10,34,71
03/30/10,33,70
03/29/10,34,72
03/26/10,34,71
03/25/10,34,71
03/24/10,33,69
03/23/10,33,69
03/22/10,32,69
03/19/10,32,69
03/18/10,32,69
03/17/10,32,69
03/16/10,32,67
03/15/10,32,65
03/12/10,32,66
03/11/10,32,65
03/10/10,32,65
03/09/10,32,64
03/08/10,31,64
03/05/10,32,65
03/04/10,31,64
03/03/10,31,65
03/02/10,31,63
03/01/10,30,62
02/26/10,29,61
02/25/10,29,60
02/24/10,29,62
02/23/10,29,61
02/22/10,30,62
02/19/10,30,63
02/18/10,29,63
02/17/10,29,62
02/16/10,29,61
02/15/10,28,60
02/12/10,29,60
02/11/10,29,61
02/10/10,29,61
02/09/10,29,61
02/08/10,29,60
02/05/10,29,59
02/04/10,30,61
02/03/10,31,63
02/02/10,31,64
02/01/10,31,63
01/29/10,30,63
01/28/10,29,62
01/27/10,29,64
01/26/10,30,65
01/25/10,30,62
01/22/10,30,62
01/21/10,31,62
01/20/10,31,63
01/19/10,32,65
01/18/10,32,64
01/15/10,31,64
01/14/10,31,65
01/13/10,31,64
01/12/10,31,64
01/11/10,32,65
01/08/10,32,64
01/07/10,33,64
01/06/10,32,63
01/05/10,32,63
01/04/10,32,63
12/30/09,31,62
12/29/09,32,62
12/28/09,31,63
12/23/09,32,61
12/22/09,32,61
12/21/09,31,61
12/18/09,31,59
12/17/09,32,59
12/16/09,32,59
12/15/09,31,59
12/14/09,31,59
12/11/09,31,59
12/10/09,31,59
12/09/09,31,58
12/08/09,32,60
12/07/09,32,60
12/04/09,32,61
12/03/09,32,62
12/02/09,31,65
12/01/09,32,65
11/30/09,31,63
11/27/09,32,63
11/26/09,31,62
11/25/09,32,65
11/24/09,32,64
11/23/09,32,64
11/20/09,32,62
11/19/09,33,63
11/18/09,33,64
11/17/09,33,62
11/16/09,34,63
11/13/09,33,61
11/12/09,33,61
11/11/09,33,61
11/10/09,32,61
11/09/09,33,61
11/06/09,33,60
11/05/09,32,60
11/04/09,32,59
11/03/09,31,58
11/02/09,33,59
10/30/09,33,59
10/29/09,33,62
10/28/09,33,61
10/27/09,34,63
10/26/09,35,62
10/23/09,35,63
10/22/09,35,64
10/21/09,35,65
10/20/09,35,65
10/19/09,34,65
10/16/09,33,64
10/15/09,33,66
10/14/09,34,66
10/13/09,33,63
10/12/09,33,64
10/09/09,32,62
10/08/09,33,62
10/07/09,32,60
10/06/09,32,61
10/05/09,31,58
10/02/09,31,58
10/01/09,32,59
09/30/09,32,61
09/29/09,33,62
09/28/09,34,63
09/25/09,33,61
09/24/09,33,62
09/23/09,33,64
09/22/09,34,63
09/21/09,34,63
09/18/09,33,64
09/17/09,34,64
09/16/09,34,64
09/15/09,34,63
09/14/09,35,62
09/11/09,34,61
09/10/09,34,62
09/09/09,34,61
09/08/09,31,60
09/07/09,32,59
09/04/09,31,58
09/03/09,30,57
09/02/09,30,57
09/01/09,30,56
08/31/09,31,58
08/28/09,32,59
08/27/09,31,58
08/26/09,32,58
08/25/09,32,59
08/24/09,32,57
08/21/09,32,57
08/20/09,31,55
08/19/09,31,54
08/18/09,31,54
08/17/09,31,54
08/14/09,32,55
08/13/09,32,56
08/12/09,31,55
08/11/09,30,55
08/10/09,31,56
08/07/09,31,57
08/06/09,31,56
08/05/09,31,54
08/04/09,32,55
08/03/09,32,55
07/31/09,32,54
07/30/09,32,55
07/29/09,31,55
07/28/09,30,53
07/27/09,30,54
07/24/09,30,53
07/23/09,30,53
07/22/09,30,52
07/21/09,30,52
07/20/09,28,50
07/17/09,29,50
07/16/09,28,49
07/15/09,28,48
07/14/09,28,47
07/13/09,26,46
07/10/09,25,44
07/09/09,25,45
07/08/09,25,44
07/07/09,25,44
07/06/09,25,45
07/03/09,26,45
07/02/09,26,46
07/01/09,27,48
06/30/09,26,47
06/29/09,27,48
06/26/09,26,47
06/25/09,26,47
06/24/09,26,47
06/23/09,26,46
06/22/09,25,47
06/19/09,26,49
06/18/09,27,49
06/17/09,27,49
06/16/09,27,50
06/15/09,27,49
06/12/09,29,52
06/11/09,29,52
06/10/09,29,52
06/09/09,28,51
06/08/09,28,51
06/05/09,27,52
06/04/09,27,51
06/03/09,27,51
06/02/09,27,52
06/01/09,26,52
05/29/09,25,49
05/28/09,25,50
05/27/09,26,52
05/26/09,25,51
05/25/09,24,51
05/22/09,25,51
05/21/09,25,50
05/20/09,26,53
05/19/09,26,52
05/18/09,25,50
05/15/09,24,48
05/14/09,24,48
05/13/09,23,47
05/12/09,24,49
05/11/09,25,50
05/08/09,26,51
05/07/09,27,49
05/06/09,28,51
05/05/09,27,50
05/04/09,26,51
04/30/09,26,49
04/29/09,26,49
04/28/09,25,45
04/27/09,27,47
04/24/09,27,47
04/23/09,26,45
04/22/09,26,46
04/21/09,25,44
04/20/09,25,44
04/17/09,27,46
04/16/09,26,46
04/15/09,25,44
04/14/09,25,45
04/09/09,26,44
04/08/09,25,42
04/07/09,23,42
04/06/09,25,43
04/03/09,27,45
04/02/09,26,43
04/01/09,22,41
03/31/09,21,41
03/30/09,21,40
03/27/09,23,42
03/26/09,22,43
03/25/09,22,42
03/24/09,22,44
03/23/09,22,44
03/20/09,21,42
03/19/09,21,42
03/18/09,22,42
03/17/09,22,43
03/16/09,22,42
03/13/09,22,42
03/12/09,23,42
03/11/09,22,41
03/10/09,21,40
03/09/09,20,37
03/06/09,19,37
03/05/09,19,37
03/04/09,20,39
03/03/09,19,37
03/02/09,19,37
02/27/09,19,39
02/26/09,20,40
02/25/09,19,39
02/24/09,19,39
02/23/09,20,39
02/20/09,21,40
02/19/09,22,43
02/18/09,21,43
02/17/09,21,43
02/16/09,23,44
02/13/09,23,44
02/12/09,22,44
02/11/09,22,46
02/10/09,22,45
02/09/09,22,47
02/06/09,21,48
02/05/09,19,45
02/04/09,19,44
02/03/09,18,42
02/02/09,17,41
01/30/09,18,42
01/29/09,18,43
01/28/09,18,44
01/27/09,18,43
01/26/09,18,42
01/23/09,17,40
01/22/09,18,42
01/21/09,18,43
01/20/09,18,41
01/19/09,19,42
01/16/09,19,41
01/15/09,19,41
01/14/09,20,40
01/13/09,21,46
01/12/09,22,47
01/09/09,22,49
01/08/09,21,51
01/07/09,22,53
01/06/09,21,54
01/05/09,21,53
01/02/09,22,53
12/30/08,21,51
12/29/08,21,50
12/23/08,21,49
12/22/08,21,49
12/19/08,21,50
12/18/08,22,49
12/17/08,22,47
12/16/08,22,46
12/15/08,21,45
12/12/08,22,45
12/11/08,22,46
12/10/08,22,47
12/09/08,22,47
12/08/08,20,47
12/05/08,19,43
12/04/08,20,46
12/03/08,20,46
12/02/08,19,45
12/01/08,18,43
11/28/08,19,45
11/27/08,20,47
11/26/08,19,45
11/25/08,19,46
11/24/08,19,44
11/21/08,17,38
11/20/08,18,38
11/19/08,18,39
11/18/08,21,41
11/17/08,21,40
11/14/08,21,41
11/13/08,22,40
11/12/08,20,38
11/11/08,21,39
11/10/08,22,43
11/07/08,21,42
11/06/08,21,42
11/05/08,22,47
11/04/08,22,48
11/03/08,20,46
10/31/08,20,45
10/30/08,20,43
10/29/08,18,42
10/28/08,17,34
10/27/08,17,34
10/24/08,18,39
10/23/08,19,42
10/22/08,19,45
10/21/08,21,48
10/20/08,20,47
10/17/08,20,43
10/16/08,19,41
10/15/08,20,44
10/14/08,22,52
10/13/08,21,50
10/10/08,19,45
10/09/08,21,49
10/08/08,22,47
10/07/08,24,52
10/06/08,24,53
10/03/08,25,59
10/02/08,24,58
10/01/08,26,61
09/30/08,27,63
09/29/08,27,62
09/26/08,28,64
09/25/08,29,65
09/24/08,28,65
09/23/08,28,65
09/22/08,29,65
09/19/08,30,68
09/18/08,27,62
09/17/08,27,63
09/16/08,27,64
09/15/08,27,66
09/12/08,28,67
09/11/08,28,66
09/10/08,29,66
09/09/08,28,67
09/08/08,28,68
09/05/08,27,66
09/04/08,28,68
09/03/08,29,71
09/02/08,29,73
09/01/08,28,71
08/29/08,28,71
08/28/08,28,72
08/27/08,27,71
08/26/08,27,71
08/25/08,28,71
08/22/08,28,72
08/21/08,27,71
08/20/08,28,72
08/19/08,28,72
08/18/08,29,74
08/15/08,29,73
08/14/08,28,73
08/13/08,29,73
08/12/08,31,75
08/11/08,30,76
08/08/08,29,76
08/07/08,27,76
08/06/08,27,76
08/05/08,27,75
08/04/08,26,74
08/01/08,27,74
07/31/08,28,76
07/30/08,29,75
07/29/08,29,70
07/28/08,29,70
07/25/08,30,71
07/24/08,30,70
07/23/08,31,71
07/22/08,30,71
07/21/08,30,71
07/18/08,30,71
07/17/08,29,69
07/16/08,28,67
07/15/08,27,66
07/14/08,28,67
07/11/08,28,66
07/10/08,29,68
07/09/08,30,68
07/08/08,30,67
07/07/08,29,68
07/04/08,29,66
07/03/08,29,67
07/02/08,29,65
07/01/08,29,68
06/30/08,30,68
06/27/08,30,68
06/26/08,30,68
06/25/08,31,70
06/24/08,31,70
06/23/08,32,71
06/20/08,32,70
06/19/08,32,72
06/18/08,33,73
06/17/08,33,73
06/16/08,33,72
06/13/08,33,72
06/12/08,33,70
06/11/08,33,68
06/10/08,34,69
06/09/08,34,68
06/06/08,34,67
06/05/08,36,68
06/04/08,36,69
06/03/08,36,69
06/02/08,36,70
05/30/08,38,70
05/29/08,37,70
05/28/08,36,69
05/27/08,35,69
05/26/08,35,69
05/23/08,35,69
05/22/08,35,71
05/21/08,34,71
05/20/08,36,73
05/19/08,37,74
05/16/08,36,74
05/15/08,36,72
05/14/08,36,72
05/13/08,36,72
05/12/08,36,72
05/09/08,36,72
05/08/08,37,74
05/07/08,37,74
05/06/08,37,73
05/05/08,36,74
05/02/08,36,74
04/30/08,35,73
04/29/08,35,71
04/28/08,35,72
04/25/08,35,72
04/24/08,33,71
04/23/08,33,71
04/22/08,33,68
04/21/08,34,69
04/18/08,34,69
04/17/08,33,68
04/16/08,33,68
04/15/08,33,66
04/14/08,33,65
04/11/08,34,66
04/10/08,35,68
04/09/08,35,68
04/08/08,35,69
04/07/08,36,70
04/04/08,35,68
04/03/08,35,68
04/02/08,36,69
04/01/08,36,69
03/31/08,34,66
03/28/08,34,66
03/27/08,34,67
03/26/08,34,66
03/25/08,35,65
03/20/08,34,64
03/19/08,33,66
03/18/08,32,68
03/17/08,31,64
03/14/08,32,77
03/13/08,32,78
03/12/08,33,80
03/11/08,33,79
03/10/08,34,77
03/07/08,34,78
03/06/08,34,80
03/05/08,35,82
03/04/08,35,80
03/03/08,36,81
02/29/08,36,82
02/28/08,36,85
02/27/08,37,89
02/26/08,37,88
02/25/08,36,85
02/22/08,35,84
02/21/08,36,85
02/20/08,36,85
02/19/08,36,87
02/18/08,35,86
02/15/08,35,84
02/14/08,35,86
02/13/08,35,86
02/12/08,35,86
02/11/08,34,82
02/08/08,34,82
02/07/08,34,82
02/06/08,35,84
02/05/08,36,83
02/04/08,38,87
02/01/08,37,86
01/31/08,36,83
01/30/08,37,83
01/29/08,37,83
01/28/08,37,80
01/25/08,37,81
01/24/08,36,81
01/23/08,34,79
01/22/08,35,83
01/21/08,36,81
01/18/08,37,89
01/17/08,38,89
01/16/08,40,91
01/15/08,39,93
01/14/08,41,95
01/11/08,41,94
01/10/08,42,93
01/09/08,41,95
01/08/08,42,100
01/07/08,41,98
01/04/08,40,100
01/03/08,42,102
01/02/08,42,103
12/28/07,42,105
12/27/07,42,105
12/21/07,42,105
12/20/07,40,101
12/19/07,40,101
12/18/07,40,100
12/17/07,40,99
12/14/07,41,102
12/13/07,40,101
12/12/07,41,103
12/11/07,42,103
12/10/07,41,104
12/07/07,41,102
12/06/07,41,101
12/05/07,41,101
12/04/07,40,98
12/03/07,41,99
11/30/07,41,100
11/29/07,40,98
11/28/07,40,97
11/27/07,39,94
11/26/07,39,95
11/23/07,40,95
11/22/07,40,93
11/21/07,39,93
11/20/07,41,93
11/19/07,40,93
11/16/07,41,94
11/15/07,42,95
11/14/07,42,97
11/13/07,42,97
11/12/07,41,99
11/09/07,41,100
11/08/07,41,99
11/07/07,41,92
11/06/07,43,92
11/05/07,44,91
11/02/07,44,90
11/01/07,44,89
10/31/07,46,90
10/30/07,45,90
10/29/07,46,91
10/26/07,45,88
10/25/07,45,88
10/24/07,44,87
10/23/07,45,88
10/22/07,45,86
10/19/07,45,88
10/18/07,46,88
10/17/07,46,90
10/16/07,46,90
10/15/07,46,92
10/12/07,47,94
10/11/07,47,95
10/10/07,47,94
10/09/07,47,94
10/08/07,47,94
10/05/07,47,95
10/04/07,46,95
10/03/07,45,95
10/02/07,46,95
10/01/07,45,94
09/28/07,45,93
09/27/07,45,93
09/26/07,46,91
09/25/07,45,92
09/24/07,45,93
09/21/07,43,94
09/20/07,42,91
09/19/07,43,90
09/18/07,42,85
09/17/07,42,83
09/14/07,42,84
09/13/07,42,86
09/12/07,42,85
09/11/07,43,86
09/10/07,42,84
09/07/07,43,85
09/06/07,45,89
09/05/07,44,89
09/04/07,45,90
09/03/07,45,88
08/31/07,44,89
08/30/07,43,87
08/29/07,43,85
08/28/07,43,86
08/27/07,44,87
08/24/07,44,89
08/23/07,43,88
08/22/07,44,88
08/21/07,43,86
08/20/07,43,86
08/17/07,43,85
08/16/07,43,84
08/15/07,44,86
08/14/07,44,87
08/13/07,44,88
08/10/07,44,89
08/09/07,43,90
08/08/07,44,91
08/07/07,43,90
08/06/07,43,88
08/03/07,42,88
08/02/07,43,88
08/01/07,43,90
07/31/07,45,90
07/30/07,44,92
07/27/07,45,91
07/26/07,45,91
07/25/07,46,96
07/24/07,47,102
07/23/07,47,104
07/20/07,47,102
07/19/07,47,105
07/18/07,47,102
07/17/07,48,104
07/16/07,49,106
07/13/07,48,107
07/12/07,48,107
07/11/07,47,103
07/10/07,48,105
07/09/07,49,107
07/06/07,49,105
07/05/07,48,106
07/04/07,48,106
07/03/07,48,106
07/02/07,47,103
06/29/07,48,103
06/28/07,47,102
06/27/07,47,100
06/26/07,48,101
06/25/07,47,101
06/22/07,48,101
06/21/07,48,102
06/20/07,49,104
06/19/07,49,103
06/18/07,49,102
06/15/07,49,103
06/14/07,49,99
06/13/07,47,95
06/12/07,47,94
06/11/07,47,93
06/08/07,46,91
06/07/07,47,92
06/06/07,47,93
06/05/07,49,95
06/04/07,49,96
06/01/07,50,95
05/31/07,49,94
05/30/07,49,94
05/29/07,50,95
05/25/07,49,94
05/24/07,49,93
05/23/07,50,90
05/22/07,49,89
05/21/07,49,89
05/18/07,49,89
05/17/07,49,86
05/16/07,49,85
05/15/07,50,84
05/14/07,49,84
05/11/07,50,84
05/10/07,48,84
05/09/07,47,85
05/08/07,47,85
05/07/07,47,86
05/04/07,48,87
05/03/07,46,88
05/02/07,45,87
04/30/07,45,86
04/27/07,45,87
04/26/07,46,86
04/25/07,45,85
04/24/07,44,86
04/23/07,44,89
04/20/07,43,87
04/19/07,43,84
04/18/07,43,84
04/17/07,43,85
04/16/07,44,85
04/13/07,44,83
04/12/07,44,81
04/11/07,44,82
04/10/07,45,83
04/05/07,44,80
04/04/07,45,79
04/03/07,44,78
04/02/07,44,77
03/30/07,44,77
03/29/07,43,77
03/28/07,42,76
03/27/07,43,78
03/26/07,43,78
03/23/07,43,79
03/22/07,43,79
03/21/07,42,77
03/20/07,41,77
03/19/07,41,77
03/16/07,40,76
03/15/07,41,76
03/14/07,40,74
03/13/07,41,76
03/12/07,42,78
03/09/07,42,77
03/08/07,42,77
03/07/07,42,75
03/06/07,42,75
03/05/07,41,75
03/02/07,42,76
03/01/07,43,76
02/28/07,43,77
02/27/07,43,79
02/26/07,45,81
02/23/07,44,81
02/22/07,44,82
02/21/07,45,81
02/20/07,45,81
02/19/07,46,82
02/16/07,46,81
02/15/07,45,80
02/14/07,46,81
02/13/07,45,81
02/12/07,44,80
02/09/07,45,80
02/08/07,44,79
02/07/07,45,81
02/06/07,46,79
02/05/07,46,81
02/02/07,47,81
02/01/07,47,82
01/31/07,46,81
01/30/07,47,82
01/29/07,47,78
01/26/07,46,78
01/25/07,45,80
01/24/07,46,75
01/23/07,45,74
01/22/07,45,74
01/19/07,45,75
01/18/07,45,75
01/17/07,44,75
01/16/07,43,75
01/15/07,44,75
01/12/07,43,75
01/11/07,43,74
01/10/07,42,73
01/09/07,43,74
01/08/07,43,73
01/05/07,43,72
01/04/07,43,73
01/03/07,44,73
01/02/07,43,73
12/29/06,43,72
12/28/06,43,72
12/27/06,43,71
12/22/06,42,70
12/21/06,43,71
12/20/06,43,70
12/19/06,43,70
12/18/06,43,71
12/15/06,43,71
12/14/06,43,71
12/13/06,42,71
12/12/06,42,71
12/11/06,42,71
12/08/06,41,71
12/07/06,42,70
12/06/06,41,69
12/05/06,42,70
12/04/06,41,69
12/01/06,41,68
11/30/06,41,69
11/29/06,42,70
11/28/06,41,70
11/27/06,41,70
11/24/06,42,72
11/23/06,43,73
11/22/06,44,73
11/21/06,44,73
11/20/06,44,73
11/17/06,44,73
11/16/06,45,73
11/15/06,44,72
11/14/06,44,72
11/13/06,44,72
11/10/06,43,72
11/09/06,43,71
11/08/06,43,69
11/07/06,44,69
11/06/06,44,69
11/03/06,44,68
11/02/06,44,67
11/01/06,45,68
10/31/06,45,68
10/30/06,44,68
10/27/06,45,69
10/26/06,45,69
10/25/06,45,68
10/24/06,44,68
10/23/06,44,69
10/20/06,44,69
10/19/06,45,67
10/18/06,44,66
10/17/06,43,65
10/16/06,43,65
10/13/06,43,65
10/12/06,42,65
10/11/06,42,64
10/10/06,42,65
10/09/06,41,65
10/06/06,42,65
10/05/06,42,65
10/04/06,42,65
10/03/06,41,65
10/02/06,41,66
09/29/06,42,66
09/28/06,41,66
09/27/06,41,66
09/26/06,41,66
09/25/06,40,64
09/22/06,40,64
09/21/06,41,65
09/20/06,40,65
09/19/06,39,64
09/18/06,39,65
09/15/06,39,65
09/14/06,40,64
09/13/06,40,65
09/12/06,39,64
09/11/06,38,63
09/08/06,39,63
09/07/06,38,63
09/06/06,39,64
09/05/06,40,65
09/04/06,40,65
09/01/06,40,64
08/31/06,40,64
08/30/06,40,64
08/29/06,40,63
08/28/06,40,64
08/25/06,40,63
08/24/06,40,63
08/23/06,40,63
08/22/06,40,64
08/21/06,39,63
08/18/06,40,63
08/17/06,39,63
08/16/06,39,63
08/15/06,39,62
08/14/06,39,61
08/11/06,38,60
08/10/06,38,60
08/09/06,39,61
08/08/06,38,60
08/07/06,38,59
08/04/06,39,61
08/03/06,39,60
08/02/06,39,61
08/01/06,39,60
07/31/06,40,61
07/28/06,40,61
07/27/06,39,61
07/26/06,38,62
07/25/06,38,62
07/24/06,38,62
07/21/06,37,61
07/20/06,38,62
07/19/06,38,62
07/18/06,37,60
07/17/06,38,60
07/14/06,38,60
07/13/06,38,62
07/12/06,39,63
07/11/06,38,63
07/10/06,39,65
07/07/06,38,65
07/06/06,39,66
07/05/06,38,65
07/04/06,39,66
07/03/06,38,66
06/30/06,39,65
06/29/06,38,65
06/28/06,37,63
06/27/06,37,64
06/26/06,37,64
06/23/06,38,65
06/22/06,38,65
06/21/06,38,66
06/20/06,38,66
06/19/06,38,64
06/16/06,37,60
06/15/06,37,61
06/14/06,36,59
06/13/06,36,59
06/12/06,38,60
06/09/06,38,61
06/08/06,37,60
06/07/06,37,62
06/06/06,37,62
06/05/06,39,63
06/02/06,39,64
06/01/06,39,64
05/31/06,40,65
05/30/06,40,64
05/29/06,40,66
05/26/06,41,66
05/25/06,39,65
05/24/06,39,64
05/23/06,39,66
05/22/06,39,64
05/19/06,39,66
05/18/06,39,65
05/17/06,39,65
05/16/06,40,67
05/15/06,40,67
05/12/06,41,68
05/11/06,42,69
05/10/06,43,70
05/09/06,43,71
05/08/06,42,71
05/05/06,42,72
05/04/06,42,71
05/03/06,42,71
05/02/06,43,72
04/28/06,43,72
04/27/06,44,74
04/26/06,44,77
04/25/06,44,75
04/24/06,44,76
04/21/06,45,75
04/20/06,45,74
04/19/06,44,74
04/18/06,44,72
04/13/06,44,72
04/12/06,44,72
04/11/06,44,72
04/10/06,44,74
04/07/06,44,74
04/06/06,45,75
04/05/06,45,74
04/04/06,45,74
04/03/06,46,75
03/31/06,45,74
03/30/06,45,74
03/29/06,44,73
03/28/06,44,72
03/27/06,44,72
03/24/06,46,72
03/23/06,45,73
03/22/06,44,73
03/21/06,42,73
03/20/06,42,74
03/17/06,42,73
03/16/06,42,74
03/15/06,42,74
03/14/06,41,73
03/13/06,40,73
03/10/06,40,74
03/09/06,40,73
03/08/06,39,72
03/07/06,39,72
03/06/06,39,73
03/03/06,39,72
03/02/06,39,73
03/01/06,40,75
02/28/06,40,74
02/27/06,40,76
02/24/06,39,75
02/23/06,39,76
02/22/06,39,75
02/21/06,39,73
02/20/06,39,73
02/17/06,39,74
02/16/06,39,74
02/15/06,39,73
02/14/06,40,72
02/13/06,40,72
02/10/06,39,71
02/09/06,39,73
02/08/06,38,72
02/07/06,38,72
02/06/06,38,72
02/03/06,38,71
02/02/06,37,71
02/01/06,37,73
01/31/06,37,72
01/30/06,36,73
01/27/06,36,73
01/26/06,36,73
01/25/06,36,69
01/24/06,35,68
01/23/06,35,68
01/20/06,35,67
01/19/06,36,68
01/18/06,36,68
01/17/06,36,69
01/16/06,37,69
01/13/06,37,69
01/12/06,37,71
01/11/06,37,71
01/10/06,37,70
01/09/06,37,72
01/06/06,37,72
01/05/06,37,72
01/04/06,37,73
01/03/06,37,70
01/02/06,37,70
12/30/05,37,70
12/29/05,37,71
12/28/05,37,70
12/27/05,36,70
12/23/05,36,69
12/22/05,36,69
12/21/05,36,69
12/20/05,37,69
12/19/05,36,69
12/16/05,37,69
12/15/05,36,68
12/14/05,37,68
12/13/05,37,67
12/12/05,37,66
12/09/05,37,65
12/08/05,37,64
12/07/05,37,64
12/06/05,37,63
12/05/05,37,62
12/02/05,37,63
12/01/05,37,63
11/30/05,37,62
11/29/05,37,62
11/28/05,37,62
11/25/05,37,62
11/24/05,37,63
11/23/05,37,63
11/22/05,37,63
11/21/05,38,63
11/18/05,37,62
11/17/05,37,62
11/16/05,37,61
11/15/05,37,61
11/14/05,36,61
11/11/05,36,61
11/10/05,35,60
11/09/05,36,60
11/08/05,36,60
11/07/05,36,60
11/04/05,35,60
11/03/05,35,60
11/02/05,36,60
11/01/05,36,60
10/31/05,36,60
10/28/05,36,58
10/27/05,36,58
10/26/05,37,59
10/25/05,36,58
10/24/05,37,59
10/21/05,36,58
10/20/05,36,59
10/19/05,37,59
10/18/05,37,60
10/17/05,38,61
10/14/05,38,61
10/13/05,38,60
10/12/05,38,60
10/11/05,38,61
10/10/05,38,61
10/07/05,38,61
10/06/05,38,61
10/05/05,39,62
10/04/05,39,63
10/03/05,39,62
09/30/05,39,62
09/29/05,38,61
09/28/05,38,61
09/27/05,38,61
09/26/05,38,61
09/23/05,37,60
09/22/05,37,60
09/21/05,37,60
09/20/05,37,62
09/19/05,36,61
09/16/05,36,61
09/15/05,36,60
09/14/05,36,61
09/13/05,36,61
09/12/05,37,62
09/09/05,37,62
09/08/05,37,61
09/07/05,37,61
09/06/05,37,61
09/05/05,36,60
09/02/05,36,59
09/01/05,36,59
08/31/05,36,59
08/30/05,35,59
08/29/05,36,59
08/26/05,35,59
08/25/05,36,60
08/24/05,37,61
08/23/05,37,61
08/22/05,37,61
08/19/05,37,61
08/18/05,36,60
08/17/05,36,60
08/16/05,36,60
08/15/05,36,61
08/12/05,36,61
08/11/05,37,62
08/10/05,37,62
08/09/05,37,61
08/08/05,37,61
08/05/05,36,60
08/04/05,37,61
08/03/05,37,62
08/02/05,39,62
08/01/05,38,62
07/29/05,38,61
07/28/05,38,62
07/27/05,38,64
07/26/05,38,63
07/25/05,39,63
07/22/05,38,63
07/21/05,39,63
07/20/05,39,62
07/19/05,39,62
07/18/05,39,61
07/15/05,39,61
07/14/05,39,61
07/13/05,38,60
07/12/05,38,60
07/11/05,39,60
07/08/05,38,59
07/07/05,37,58
07/06/05,38,59
07/05/05,38,59
07/04/05,38,58
07/01/05,38,58
06/30/05,37,58
06/29/05,37,59
06/28/05,37,58
06/27/05,36,58
06/24/05,36,59
06/23/05,37,61
06/22/05,37,60
06/21/05,37,60
06/20/05,36,60
06/17/05,36,60
06/16/05,36,60
06/15/05,36,59
06/14/05,37,60
06/13/05,37,60
06/10/05,37,60
06/09/05,36,60
06/08/05,36,60
06/07/05,36,60
06/06/05,36,59
06/03/05,36,58
06/02/05,36,58
06/01/05,36,58
05/31/05,35,57
05/30/05,35,57
05/27/05,34,57
05/26/05,34,56
05/25/05,34,56
05/24/05,34,56
05/23/05,34,57
05/20/05,34,56
05/19/05,34,57
05/18/05,34,56
05/17/05,33,55
05/16/05,33,55
05/13/05,33,55
05/12/05,34,54
05/11/05,33,54
05/10/05,33,54
05/09/05,33,55
05/06/05,33,55
05/05/05,33,55
05/04/05,33,55
05/03/05,33,55
05/02/05,32,55
04/29/05,32,54
04/28/05,32,55
04/27/05,32,55
04/26/05,32,56
04/25/05,33,56
04/22/05,33,56
04/21/05,33,56
04/20/05,33,56
04/19/05,33,56
04/18/05,33,56
04/15/05,33,58
04/14/05,34,60
04/13/05,34,60
04/12/05,34,59
04/11/05,34,60
04/08/05,34,60
04/07/05,35,59
04/06/05,35,59
04/05/05,35,59
04/04/05,34,58
04/01/05,35,59
03/31/05,35,59
03/30/05,35,59
03/29/05,35,59
03/24/05,35,59
03/23/05,35,59
03/22/05,35,59
03/21/05,34,58
03/18/05,34,59
03/17/05,34,59
03/16/05,34,59
03/15/05,34,60
03/14/05,34,60
03/11/05,34,60
03/10/05,34,59
03/09/05,33,60
03/08/05,33,59
03/07/05,33,60
03/04/05,33,60
03/03/05,33,59
03/02/05,32,58
03/01/05,32,58
02/28/05,32,57
02/25/05,32,57
02/24/05,32,57
02/23/05,32,57
02/22/05,32,57
02/21/05,32,58
02/18/05,32,58
02/17/05,32,58
02/16/05,32,58
02/15/05,32,59
02/14/05,32,59
02/11/05,33,59
02/10/05,33,58
02/09/05,32,58
02/08/05,33,58
02/07/05,33,58
02/04/05,32,58
02/03/05,32,57
02/02/05,32,58
02/01/05,32,59
01/31/05,32,58
01/28/05,32,59
01/27/05,32,61
01/26/05,32,59
01/25/05,32,59
01/24/05,32,59
01/21/05,32,59
01/20/05,32,59
01/19/05,32,60
01/18/05,33,60
01/17/05,33,59
01/14/05,33,59
01/13/05,33,59
01/12/05,33,59
01/11/05,34,59
01/10/05,34,60
01/07/05,34,60
01/06/05,34,60
01/05/05,34,59
01/04/05,34,60
01/03/05,33,61
12/30/04,33,60
12/29/04,33,60
12/28/04,33,60
12/27/04,33,60
12/23/04,33,60
12/22/04,33,60
12/21/04,32,59
12/20/04,32,59
12/17/04,32,59
12/16/04,32,60
12/15/04,32,60
12/14/04,33,60
12/13/04,32,60
12/10/04,32,59
12/09/04,32,59
12/08/04,32,60
12/07/04,32,60
12/06/04,31,60
12/03/04,32,60
12/02/04,32,60
12/01/04,31,59
11/30/04,31,58
11/29/04,32,58
11/26/04,31,58
11/25/04,31,58
11/24/04,31,58
11/23/04,31,58
11/22/04,32,58
11/19/04,32,58
11/18/04,32,59
11/17/04,32,59
11/16/04,32,58
11/15/04,32,58
11/12/04,32,58
11/11/04,33,58
11/10/04,32,58
11/09/04,32,58
11/08/04,32,58
11/05/04,32,58
11/04/04,32,58
11/03/04,33,57
11/02/04,33,57
11/01/04,33,57
10/29/04,33,56
10/28/04,33,57
10/27/04,33,56
10/26/04,32,55
10/25/04,32,55
10/22/04,33,57
10/21/04,33,56
10/20/04,33,56
10/19/04,34,57
10/18/04,33,56
10/15/04,33,56
10/14/04,33,57
10/13/04,33,57
10/12/04,33,57
10/11/04,34,59
10/08/04,34,59
10/07/04,34,59
10/06/04,34,59
10/05/04,34,59
10/04/04,34,59
10/01/04,34,58
09/30/04,33,57
09/29/04,33,57
09/28/04,33,57
09/27/04,33,57
09/24/04,33,57
09/23/04,33,57
09/22/04,34,58
09/21/04,34,59
09/20/04,35,58
09/17/04,35,58
09/16/04,35,58
09/15/04,34,58
09/14/04,35,58
09/13/04,35,59
09/10/04,34,57
09/09/04,34,57
09/08/04,34,57
09/07/04,34,57
09/06/04,34,57
09/03/04,34,56
09/02/04,34,56
09/01/04,34,55
08/31/04,33,54
08/30/04,34,55
08/27/04,34,55
08/26/04,34,54
08/25/04,34,54
08/24/04,34,54
08/23/04,33,54
08/20/04,33,53
08/19/04,33,53
08/18/04,33,52
08/17/04,33,52
08/16/04,33,52
08/13/04,33,51
08/12/04,33,52
08/11/04,33,53
08/10/04,33,53
08/09/04,33,53
08/06/04,33,53
08/05/04,35,55
08/04/04,35,55
08/03/04,37,56
08/02/04,36,55
07/30/04,36,56
07/29/04,37,55
07/28/04,36,52
07/27/04,35,53
07/26/04,35,52
07/23/04,35,53
07/22/04,35,53
07/21/04,35,54
07/20/04,35,53
07/19/04,35,53
07/16/04,35,53
07/15/04,35,53
07/14/04,35,55
07/13/04,35,54
07/12/04,35,54
07/09/04,35,54
07/08/04,35,55
07/07/04,35,55
07/06/04,35,55
07/05/04,35,55
07/02/04,35,55
07/01/04,36,56
06/30/04,36,57
06/29/04,36,57
06/28/04,36,57
06/25/04,35,56
06/24/04,35,56
06/23/04,35,54
06/22/04,34,53
06/21/04,35,55
06/18/04,35,55
06/17/04,35,55
06/16/04,35,56
06/15/04,35,56
06/14/04,34,56
06/11/04,35,57
06/10/04,35,57
06/09/04,35,57
06/08/04,35,58
06/07/04,35,57
06/04/04,34,56
06/03/04,34,55
06/02/04,34,55
06/01/04,34,55
05/31/04,34,56
05/28/04,34,55
05/27/04,35,56
05/26/04,34,55
05/25/04,34,55
05/24/04,34,56
05/21/04,34,55
05/20/04,34,55
05/19/04,35,55
05/18/04,34,54
05/17/04,33,53
05/14/04,34,54
05/13/04,34,55
05/12/04,34,54
05/11/04,34,56
05/10/04,34,55
05/07/04,35,57
05/06/04,35,57
05/05/04,36,59
05/04/04,36,59
05/03/04,36,59
04/30/04,35,58
04/29/04,36,58
04/28/04,36,60
04/27/04,37,62
04/26/04,36,62
04/23/04,37,63
04/22/04,36,62
04/21/04,35,61
04/20/04,35,61
04/19/04,35,60
04/16/04,35,60
04/15/04,35,59
04/14/04,34,60
04/13/04,35,61
04/08/04,34,60
04/07/04,33,60
04/06/04,34,60
04/05/04,35,61
04/02/04,34,60
04/01/04,33,59
03/31/04,33,58
03/30/04,33,58
03/29/04,33,58
03/26/04,32,57
03/25/04,33,57
03/24/04,32,55
03/23/04,32,55
03/22/04,33,55
03/19/04,33,57
03/18/04,34,57
03/17/04,34,58
03/16/04,33,57
03/15/04,33,57
03/12/04,34,58
03/11/04,33,58
03/10/04,34,60
03/09/04,35,60
03/08/04,36,61
03/05/04,35,61
03/04/04,35,61
03/03/04,35,61
03/02/04,35,62
03/01/04,34,61
02/27/04,34,60
02/26/04,33,61
02/25/04,33,60
02/24/04,33,60
02/23/04,33,61
02/20/04,33,62
02/19/04,34,64
02/18/04,33,64
02/17/04,33,64
02/16/04,33,64
02/13/04,33,64
02/12/04,33,65
02/11/04,34,65
02/10/04,33,64
02/09/04,33,63
02/06/04,33,62
02/05/04,33,62
02/04/04,34,62
02/03/04,34,62
02/02/04,35,62
01/30/04,35,62
01/29/04,35,63
01/28/04,35,64
01/27/04,35,64
01/26/04,35,63
01/23/04,35,64
01/22/04,35,65
01/21/04,35,65
01/20/04,36,65
01/19/04,36,65
01/16/04,36,66
01/15/04,36,66
01/14/04,36,66
01/13/04,35,65
01/12/04,34,65
01/09/04,35,65
01/08/04,35,65
01/07/04,35,62
01/06/04,36,62
01/05/04,37,62
01/02/04,37,62
12/30/03,36,61
12/29/03,36,61
12/23/03,36,60
12/22/03,36,60
12/19/03,37,61
12/18/03,37,60
12/17/03,36,60
12/16/03,36,61
12/15/03,37,62
12/12/03,37,61
12/11/03,36,62
12/10/03,35,61
12/09/03,35,61
12/08/03,35,60
12/05/03,36,61
12/04/03,36,62
12/03/03,36,62
12/02/03,36,60
12/01/03,37,60
11/28/03,36,58
11/27/03,37,58
11/26/03,36,58
11/25/03,37,58
11/24/03,37,58
11/21/03,36,56
11/20/03,35,56
11/19/03,36,57
11/18/03,36,57
11/17/03,36,58
11/14/03,37,61
11/13/03,37,60
11/12/03,37,58
11/11/03,37,58
11/10/03,37,58
11/07/03,37,59
11/06/03,36,58
11/05/03,35,57
11/04/03,36,58
11/03/03,35,58
10/31/03,34,56
10/30/03,33,55
10/29/03,33,55
10/28/03,34,54
10/27/03,33,53
10/24/03,33,52
10/23/03,33,53
10/22/03,33,53
10/21/03,33,55
10/20/03,34,54
10/17/03,35,54
10/16/03,35,54
10/15/03,35,55
10/14/03,35,54
10/13/03,35,54
10/10/03,34,53
10/09/03,35,53
10/08/03,34,52
10/07/03,34,52
10/06/03,34,52
10/03/03,34,52
10/02/03,33,50
10/01/03,33,50
09/30/03,32,49
09/29/03,33,50
09/26/03,33,50
09/25/03,32,50
09/24/03,32,50
09/23/03,34,51
09/22/03,34,52
09/19/03,36,54
09/18/03,36,55
09/17/03,35,54
09/16/03,35,54
09/15/03,35,52
09/12/03,35,52
09/11/03,36,53
09/10/03,35,53
09/09/03,36,54
09/08/03,37,56
09/05/03,37,55
09/04/03,38,56
09/03/03,38,56
09/02/03,37,55
09/01/03,36,56
08/29/03,35,54
08/28/03,35,54
08/27/03,35,53
08/26/03,36,52
08/25/03,37,53
08/22/03,37,54
08/21/03,37,54
08/20/03,36,52
08/19/03,36,53
08/18/03,35,52
08/15/03,34,50
08/14/03,34,51
08/13/03,34,49
08/12/03,33,48
08/11/03,33,47
08/08/03,33,47
08/07/03,33,47
08/06/03,34,48
08/05/03,33,48
08/04/03,33,47
08/01/03,34,48
07/31/03,34,48
07/30/03,33,47
07/29/03,33,48
07/28/03,33,48
07/25/03,34,47
07/24/03,33,47
07/23/03,33,45
07/22/03,33,45
07/21/03,33,44
07/18/03,33,45
07/17/03,33,45
07/16/03,34,46
07/15/03,34,45
07/14/03,34,45
07/11/03,34,44
07/10/03,33,43
07/09/03,34,44
07/08/03,35,45
07/07/03,35,44
07/04/03,34,42
07/03/03,34,42
07/02/03,33,41
07/01/03,32,40
06/30/03,33,41
06/27/03,33,41
06/26/03,33,42
06/25/03,32,41
06/24/03,32,41
06/23/03,31,41
06/20/03,32,42
06/19/03,31,42
06/18/03,33,42
06/17/03,32,41
06/16/03,32,41
06/13/03,31,40
06/12/03,31,41
06/11/03,31,41
06/10/03,30,41
06/09/03,30,41
06/06/03,31,42
06/05/03,29,40
06/04/03,29,40
06/03/03,29,39
06/02/03,29,39
05/30/03,29,39
05/29/03,27,38
05/28/03,27,38
05/27/03,27,38
05/26/03,26,37
05/23/03,26,37
05/22/03,27,37
05/21/03,26,38
05/20/03,26,38
05/19/03,27,39
05/16/03,28,40
05/15/03,29,40
05/14/03,29,40
05/13/03,29,40
05/12/03,29,41
05/09/03,29,42
05/08/03,28,41
05/07/03,28,43
05/06/03,28,44
05/05/03,29,43
05/02/03,29,43
04/30/03,29,43
04/29/03,29,42
04/28/03,30,43
04/25/03,29,41
04/24/03,29,42
04/23/03,30,42
04/22/03,30,43
04/17/03,30,42
04/16/03,29,41
04/15/03,30,41
04/14/03,29,41
04/11/03,28,40
04/10/03,28,39
04/09/03,28,40
04/08/03,29,41
04/07/03,30,41
04/04/03,28,39
04/03/03,27,38
04/02/03,27,38
04/01/03,26,36
03/31/03,25,36
03/28/03,26,37
03/27/03,26,39
03/26/03,26,39
03/25/03,26,40
03/24/03,25,38
03/21/03,27,40
03/20/03,26,38
03/19/03,26,39
03/18/03,25,38
03/17/03,24,36
03/14/03,23,35
03/13/03,22,34
03/12/03,21,31
03/11/03,21,33
03/10/03,22,33
03/07/03,23,34
03/06/03,23,35
03/05/03,23,35
03/04/03,24,35
03/03/03,26,36
02/28/03,26,35
02/27/03,25,35
02/26/03,23,34
02/25/03,25,34
02/24/03,25,35
02/21/03,25,35
02/20/03,24,34
02/19/03,25,35
02/18/03,25,37
02/17/03,26,35
02/14/03,25,35
02/13/03,24,33
02/12/03,25,33
02/11/03,25,34
02/10/03,25,33
02/07/03,25,33
02/06/03,26,34
02/05/03,27,36
02/04/03,26,34
02/03/03,27,36
01/31/03,27,36
01/30/03,26,36
01/29/03,27,35
01/28/03,26,34
01/27/03,26,34
01/24/03,26,36
01/23/03,26,38
01/22/03,27,37
01/21/03,28,38
01/20/03,28,37
01/17/03,27,37
01/16/03,28,40
01/15/03,28,41
01/14/03,29,42
01/13/03,29,41
01/10/03,29,40
01/09/03,28,41
01/08/03,28,40
01/07/03,30,43
01/06/03,30,43
01/03/03,30,41
01/02/03,30,42
12/30/02,28,39
12/27/02,27,38
12/23/02,29,40
12/20/02,29,40
12/19/02,29,40
12/18/02,29,41
12/17/02,31,42
12/16/02,31,43
12/13/02,30,42
12/12/02,31,42
12/11/02,32,43
12/10/02,33,43
12/09/02,31,42
12/06/02,33,45
12/05/02,33,45
12/04/02,34,47
12/03/02,33,47
12/02/02,34,49
11/29/02,34,47
11/28/02,34,48
11/27/02,33,48
11/26/02,32,46
11/25/02,32,48
11/22/02,33,48
11/21/02,33,48
11/20/02,32,45
11/19/02,33,45
11/18/02,33,45
11/15/02,33,46
11/14/02,33,44
11/13/02,32,42
11/12/02,33,43
11/11/02,32,41
11/08/02,32,43
11/07/02,33,44
11/06/02,34,46
11/05/02,36,48
11/04/02,37,49
11/01/02,35,46
10/31/02,36,46
10/30/02,34,43
10/29/02,34,41
10/28/02,37,43
10/25/02,36,41
10/24/02,36,40
10/23/02,36,38
10/22/02,36,40
10/21/02,37,41
10/18/02,36,40
10/17/02,37,40
10/16/02,35,38
10/15/02,34,39
10/14/02,32,35
10/11/02,33,36
10/10/02,30,33
10/09/02,29,31
10/08/02,31,31
10/07/02,32,31
10/04/02,32,31
10/03/02,33,33
10/02/02,34,34
10/01/02,33,33
09/30/02,32,32
09/27/02,34,35
09/26/02,34,36
09/25/02,32,37
09/24/02,31,36
09/23/02,33,35
09/20/02,34,36
09/19/02,32,35
09/18/02,34,37
09/17/02,35,40
09/16/02,35,41
09/13/02,35,41
09/12/02,35,42
09/11/02,37,45
09/10/02,37,43
09/09/02,36,42
09/06/02,36,43
09/05/02,35,41
09/04/02,35,41
09/03/02,35,41
09/02/02,37,44
08/30/02,38,46
08/29/02,38,46
08/28/02,38,46
08/27/02,39,49
08/26/02,38,47
08/23/02,38,49
08/22/02,39,51
08/21/02,39,51
08/20/02,39,48
08/19/02,40,49
08/16/02,39,47
08/15/02,40,46
08/14/02,39,45
08/13/02,39,46
08/12/02,38,45
08/09/02,38,47
08/08/02,38,47
08/07/02,39,42
08/06/02,39,43
08/05/02,36,40
08/02/02,38,43
08/01/02,37,46
07/31/02,38,48
07/30/02,40,50
07/29/02,40,51
07/26/02,36,47
07/25/02,36,46
07/24/02,36,48
07/23/02,35,48
07/22/02,36,50
07/19/02,38,53
07/18/02,40,56
07/17/02,39,57
07/16/02,38,54
07/15/02,39,52
07/12/02,41,54
07/11/02,41,54
07/10/02,40,54
07/09/02,42,57
07/08/02,42,60
07/05/02,42,61
07/04/02,40,56
07/03/02,39,54
07/02/02,40,55
07/01/02,41,58
06/28/02,41,58
06/27/02,40,56
06/26/02,40,53
06/25/02,40,56
06/24/02,37,56
06/21/02,38,57
06/20/02,39,56
06/19/02,41,57
06/18/02,42,59
06/17/02,42,59
06/14/02,39,57
06/13/02,42,59
06/12/02,44,58
06/11/02,45,61
06/10/02,44,61
06/07/02,44,61
06/06/02,44,62
06/05/02,44,61
06/04/02,44,61
06/03/02,44,63
05/31/02,45,63
05/30/02,44,64
05/29/02,45,66
05/28/02,46,67
05/27/02,46,67
05/24/02,46,66
05/23/02,46,66
05/22/02,47,67
05/21/02,47,68
05/20/02,47,69
05/17/02,47,69
05/16/02,46,68
05/15/02,46,69
05/14/02,46,68
05/13/02,47,65
05/10/02,47,63
05/09/02,45,65
05/08/02,46,66
05/07/02,44,63
05/06/02,44,62
05/03/02,44,63
05/02/02,44,64
04/30/02,44,65
04/29/02,43,63
04/26/02,43,64
04/25/02,44,64
04/24/02,45,61
04/23/02,45,61
04/22/02,45,61
04/19/02,46,65
04/18/02,45,66
04/17/02,45,68
04/16/02,45,69
04/15/02,44,66
04/12/02,44,65
04/11/02,44,66
04/10/02,45,68
04/09/02,44,67
04/08/02,44,67
04/05/02,44,68
04/04/02,44,69
04/03/02,45,70
04/02/02,45,71
03/28/02,45,73
03/27/02,45,72
03/26/02,45,72
03/25/02,45,71
03/22/02,47,72
03/21/02,47,70
03/20/02,46,71
03/19/02,46,74
03/18/02,46,74
03/15/02,46,73
03/14/02,44,71
03/13/02,44,71
03/12/02,44,72
03/11/02,44,74
03/08/02,44,75
03/07/02,44,73
03/06/02,44,72
03/05/02,44,71
03/04/02,44,70
03/01/02,44,66
02/28/02,42,65
02/27/02,41,65
02/26/02,41,63
02/25/02,41,62
02/22/02,40,59
02/21/02,41,62
02/20/02,41,61
02/19/02,41,62
02/18/02,41,63
02/15/02,41,62
02/14/02,41,65
02/13/02,41,64
02/12/02,40,63
02/11/02,40,64
02/08/02,40,62
02/07/02,40,63
02/06/02,40,61
02/05/02,41,63
02/04/02,41,64
02/01/02,42,67
01/31/02,42,66
01/30/02,41,67
01/29/02,41,67
01/28/02,40,68
01/25/02,38,68
01/24/02,38,68
01/23/02,38,68
01/22/02,37,66
01/21/02,37,68
01/18/02,38,70
01/17/02,38,70
01/16/02,37,67
01/15/02,38,70
01/14/02,38,70
01/11/02,39,73
01/10/02,40,73
01/09/02,40,76
01/08/02,40,74
01/07/02,40,73
01/04/02,41,75
01/03/02,40,75
01/02/02,39,71
12/28/01,39,72
12/27/01,39,71
12/21/01,39,69
12/20/01,38,66
12/19/01,38,68
12/18/01,38,69
12/17/01,38,69
12/14/01,36,65
12/13/01,37,66
12/12/01,38,68
12/11/01,38,70
12/10/01,38,67
12/07/01,38,69
12/06/01,39,71
12/05/01,39,71
12/04/01,37,64
12/03/01,36,63
11/30/01,36,63
11/29/01,36,62
11/28/01,37,63
11/27/01,37,66
11/26/01,38,66
11/23/01,38,65
11/22/01,38,65
11/21/01,38,64
11/20/01,38,64
11/19/01,39,66
11/16/01,38,65
11/15/01,38,64
11/14/01,38,60
11/13/01,38,56
11/12/01,36,54
11/09/01,37,57
11/08/01,37,58
11/07/01,37,56
11/06/01,34,54
11/05/01,35,54
11/02/01,34,51
11/01/01,34,52
10/31/01,33,52
10/30/01,32,50
10/29/01,33,53
10/26/01,34,55
10/25/01,34,52
10/24/01,35,53
10/23/01,34,50
10/22/01,34,48
10/19/01,33,47
10/18/01,33,48
10/17/01,33,49
10/16/01,33,48
10/15/01,32,45
10/12/01,33,46
10/11/01,34,48
10/10/01,32,46
10/09/01,31,43
10/08/01,32,42
10/05/01,31,41
10/04/01,31,44
10/03/01,30,41
10/02/01,29,40
10/01/01,28,40
09/28/01,28,40
09/27/01,26,41
09/26/01,26,40
09/25/01,26,38
09/24/01,27,38
09/21/01,25,36
09/20/01,24,36
09/19/01,26,39
09/18/01,27,41
09/17/01,28,42
09/14/01,27,41
09/13/01,31,44
09/12/01,31,44
09/11/01,33,43
09/10/01,34,46
09/07/01,36,46
09/06/01,36,49
09/05/01,37,51
09/04/01,36,55
09/03/01,35,52
08/31/01,35,54
08/30/01,35,53
08/29/01,35,56
08/28/01,35,57
08/27/01,36,58
08/24/01,36,57
08/23/01,35,53
08/22/01,35,53
08/21/01,35,52
08/20/01,35,52
08/17/01,34,53
08/16/01,36,55
08/15/01,38,57
08/14/01,38,58
08/13/01,38,58
08/10/01,38,57
08/09/01,38,57
08/08/01,39,59
08/07/01,40,61
08/06/01,40,61
08/03/01,40,62
08/02/01,40,63
08/01/01,40,62
07/31/01,40,62
07/30/01,39,60
07/27/01,39,59
07/26/01,39,58
07/25/01,39,55
07/24/01,38,54
07/23/01,39,59
07/20/01,39,58
07/19/01,38,59
07/18/01,38,58
07/17/01,39,59
07/16/01,39,59
07/13/01,39,61
07/12/01,39,61
07/11/01,40,58
07/10/01,39,59
07/09/01,39,60
07/06/01,39,62
07/05/01,40,65
07/04/01,40,69
07/03/01,39,71
07/02/01,39,70
06/29/01,39,70
06/28/01,38,69
06/27/01,38,67
06/26/01,37,69
06/25/01,38,70
06/22/01,38,69
06/21/01,38,69
06/20/01,38,69
06/19/01,37,72
06/18/01,37,71
06/15/01,37,73
06/14/01,38,76
06/13/01,39,77
06/12/01,39,77
06/11/01,40,81
06/08/01,40,82
06/07/01,41,82
06/06/01,40,82
06/05/01,40,82
06/04/01,39,80
06/01/01,39,80
05/31/01,40,82
05/30/01,39,82
05/29/01,39,85
05/28/01,40,87
05/25/01,40,87
05/24/01,40,88
05/23/01,40,87
05/22/01,40,87
05/21/01,41,87
05/18/01,41,85
05/17/01,40,84
05/16/01,41,82
05/15/01,40,80
05/14/01,40,80
05/11/01,40,81
05/10/01,41,81
05/09/01,39,80
05/08/01,39,81
05/07/01,39,81
05/04/01,39,81
05/03/01,39,80
05/02/01,39,82
04/30/01,37,80
04/27/01,37,77
04/26/01,38,78
04/25/01,37,82
04/24/01,37,80
04/23/01,37,80
04/20/01,38,82
04/19/01,37,84
04/18/01,36,83
04/17/01,36,77
04/12/01,36,81
04/11/01,35,80
04/10/01,35,77
04/09/01,35,73
04/06/01,34,73
04/05/01,34,74
04/04/01,34,70
04/03/01,33,69
04/02/01,34,74
03/30/01,34,74
03/29/01,36,76
03/28/01,35,77
03/27/01,35,80
03/26/01,33,75
03/23/01,33,71
03/22/01,32,68
03/21/01,33,72
03/20/01,34,75
03/19/01,35,73
03/16/01,35,73
03/15/01,35,76
03/14/01,35,74
03/13/01,37,76
03/12/01,38,77
03/09/01,39,81
03/08/01,38,85
03/07/01,37,86
03/06/01,37,87
03/05/01,39,83
03/02/01,38,81
03/01/01,38,79
02/28/01,37,80
02/27/01,38,81
02/26/01,37,82
02/23/01,39,78
02/22/01,39,85
02/21/01,40,86
02/20/01,39,88
02/19/01,39,90
02/16/01,38,92
02/15/01,39,95
02/14/01,38,92
02/13/01,38,93
02/12/01,39,93
02/09/01,38,92
02/08/01,38,95
02/07/01,38,94
02/06/01,38,97
02/05/01,37,97
02/02/01,37,98
02/01/01,38,98
01/31/01,37,100
01/30/01,37,97
01/29/01,37,99
01/26/01,38,99
01/25/01,37,102
01/24/01,38,101
01/23/01,39,100
01/22/01,38,100
01/19/01,37,100
01/18/01,36,98
01/17/01,36,97
01/16/01,34,93
01/15/01,35,95
01/12/01,34,93
01/11/01,34,91
01/10/01,36,89
01/09/01,37,91
01/08/01,37,91
01/05/01,37,91
01/04/01,35,90
01/03/01,34,90
01/02/01,34,88
12/29/00,34,89
12/28/00,34,89
12/27/00,36,88
12/22/00,32,88
12/21/00,33,85
12/20/00,34,83
12/19/00,35,90
12/18/00,34,88
12/15/00,33,87
12/14/00,34,89
12/13/00,34,92
12/12/00,35,95
12/11/00,35,96
12/08/00,35,96
12/07/00,33,93
12/06/00,34,93
12/05/00,33,92
12/04/00,32,85
12/01/00,33,87
11/30/00,34,84
11/29/00,36,88
11/28/00,36,86
11/27/00,35,89
11/24/00,34,87
11/23/00,35,85
11/22/00,34,82
11/21/00,36,83
11/20/00,36,81
11/17/00,38,85
11/16/00,39,86
11/15/00,40,89
11/14/00,39,88
11/13/00,38,84
11/10/00,38,86
11/09/00,39,88
11/08/00,38,90
11/07/00,39,95
11/06/00,40,99
11/03/00,40,100
11/02/00,38,99
11/01/00,39,98
10/31/00,39,96
10/30/00,38,95
10/27/00,38,93
10/26/00,37,91
10/25/00,37,92
10/24/00,37,94
10/23/00,37,93
10/20/00,36,92
10/19/00,37,90
10/18/00,36,84
10/17/00,37,88
10/16/00,38,93
10/13/00,37,96
10/12/00,38,90
10/11/00,39,90
10/10/00,39,93
10/09/00,39,91
10/06/00,39,93
10/05/00,41,94
10/04/00,41,89
10/02/00,39,94
09/29/00,38,94
09/28/00,37,97
09/27/00,36,99
09/26/00,37,101
09/25/00,36,102
09/22/00,37,98
09/21/00,37,102
09/20/00,36,107
09/19/00,37,110
09/18/00,36,113
09/15/00,36,116
09/14/00,37,114
09/13/00,36,113
09/12/00,37,115
09/11/00,37,116
09/08/00,37,114
09/07/00,37,119
09/06/00,36,118
09/05/00,37,121
09/04/00,37,122
09/01/00,36,119
08/31/00,36,116
08/30/00,36,113
08/29/00,38,115
08/28/00,37,114
08/25/00,37,114
08/24/00,37,112
08/23/00,36,111
08/22/00,37,113
08/21/00,36,112
08/18/00,36,109
08/17/00,37,107
08/16/00,37,106
08/15/00,36,106
08/14/00,37,106
08/11/00,37,106
08/10/00,37,108
08/09/00,37,109
08/08/00,36,107
08/07/00,36,104
08/04/00,36,101
08/03/00,36,102
08/02/00,35,107
08/01/00,36,108
07/31/00,37,107
07/28/00,36,104
07/27/00,36,108
07/26/00,37,111
07/25/00,36,114
07/24/00,37,116
07/21/00,36,113
07/20/00,37,114
07/19/00,35,113
07/18/00,36,116
07/17/00,35,117
07/14/00,36,116
07/13/00,37,116
07/12/00,37,112
07/11/00,36,107
07/10/00,34,107
07/07/00,34,104
07/06/00,36,105
07/05/00,33,107
07/04/00,33,108
07/03/00,32,105
06/30/00,31,102
06/29/00,32,99
06/28/00,31,101
06/27/00,31,102
06/26/00,31,103
06/23/00,31,102
06/22/00,32,102
06/21/00,32,103
06/20/00,32,105
06/19/00,33,102
06/16/00,32,101
06/15/00,34,104
06/14/00,34,105
06/13/00,34,105
06/12/00,33,104
06/09/00,32,107
06/08/00,31,106
06/07/00,32,105
06/06/00,32,107
06/05/00,33,107
06/02/00,33,109
06/01/00,33,105
05/31/00,32,101
05/30/00,32,100
05/29/00,32,100
05/26/00,32,97
05/25/00,32,96
05/24/00,32,93
05/23/00,30,94
05/22/00,30,91
05/19/00,30,95
05/18/00,30,96
05/17/00,31,98
05/16/00,33,102
05/15/00,32,99
05/12/00,33,99
05/11/00,34,99
05/10/00,33,98
05/09/00,34,103
05/08/00,33,107
05/05/00,32,109
05/04/00,31,105
05/03/00,30,105
05/02/00,31,109
04/28/00,29,105
04/27/00,30,97
04/26/00,30,100
04/25/00,30,97
04/20/00,30,96
04/19/00,30,96
04/18/00,30,94
04/17/00,31,91
04/14/00,30,87
04/13/00,32,92
04/12/00,32,91
04/11/00,32,93
04/10/00,32,98
04/07/00,31,96
04/06/00,32,93
04/05/00,33,86
04/04/00,33,88
04/03/00,33,91
03/31/00,33,96
03/30/00,33,95
03/29/00,34,99
03/28/00,33,101
03/27/00,32,103
03/24/00,33,106
03/23/00,33,102
03/22/00,34,102
03/21/00,33,109
03/20/00,30,113
03/17/00,29,103
03/16/00,31,98
03/15/00,31,98
03/14/00,27,110
03/13/00,26,110
03/10/00,26,120
03/09/00,25,117
03/08/00,25,113
03/07/00,25,118
03/06/00,25,120
03/03/00,26,123
03/02/00,26,123
03/01/00,26,120
02/29/00,26,119
02/28/00,26,115
02/25/00,27,121
02/24/00,26,115
02/23/00,26,116
02/22/00,27,106
02/21/00,27,105
02/18/00,26,103
02/17/00,25,106
02/16/00,25,105
02/15/00,25,104
02/14/00,25,113
02/11/00,25,110
02/10/00,25,111
02/09/00,25,116
02/08/00,25,110
02/07/00,25,105
02/04/00,25,104
02/03/00,25,98
02/02/00,24,93
02/01/00,24,93
01/31/00,23,89
01/28/00,25,97
01/27/00,24,96
01/26/00,24,91
01/25/00,23,91
01/24/00,24,90
01/21/00,25,88
01/20/00,26,88
01/19/00,27,84
01/18/00,27,85
01/17/00,27,89
01/14/00,27,87
01/13/00,27,83
01/12/00,28,80
01/11/00,28,81
01/10/00,28,80
01/07/00,27,76
01/06/00,27,73
01/05/00,27,73
01/04/00,28,76
01/03/00,29,79
12/30/99,31,82
12/29/99,31,80
12/28/99,30,79
12/27/99,30,77
12/23/99,29,77
12/22/99,28,76
12/21/99,29,76
12/20/99,29,75
12/17/99,29,77
12/16/99,30,76
12/15/99,27,75
12/14/99,26,74
12/13/99,26,72
12/10/99,27,71
12/09/99,27,73
12/08/99,27,72
12/07/99,27,73
12/06/99,28,74
12/03/99,27,70
12/02/99,27,67
12/01/99,27,64
11/30/99,26,64
11/29/99,25,65
11/26/99,25,65
11/25/99,26,64
11/24/99,26,62
11/23/99,26,61
11/22/99,26,61
11/19/99,27,64
11/18/99,26,63
11/17/99,26,62
11/16/99,26,61
11/15/99,25,60
11/12/99,26,60
11/11/99,27,61
11/10/99,29,61
11/09/99,29,59
11/08/99,28,58
11/05/99,28,58
11/04/99,28,58
11/03/99,28,58
11/02/99,29,56
11/01/99,30,55
10/29/99,30,55
10/28/99,31,54
10/27/99,29,54
10/26/99,29,53
10/25/99,29,52
10/22/99,28,52
10/21/99,28,51
10/20/99,28,50
10/19/99,28,50
10/18/99,27,49
10/15/99,27,50
10/14/99,27,50
10/13/99,28,51
10/12/99,28,52
10/11/99,28,52
10/08/99,29,52
10/07/99,29,52
10/06/99,29,51
10/05/99,29,52
10/04/99,28,51
10/01/99,26,50
09/30/99,26,50
09/29/99,27,50
09/28/99,26,51
09/27/99,27,52
09/24/99,27,51
09/23/99,28,53
09/22/99,28,52
09/21/99,28,53
09/20/99,28,53
09/17/99,29,51
09/16/99,29,52
09/15/99,30,53
09/14/99,30,53
09/13/99,31,54
09/10/99,30,55
09/09/99,31,54
09/08/99,32,52
09/07/99,30,52
09/06/99,30,51
09/03/99,29,51
09/02/99,28,50
09/01/99,29,51
08/31/99,29,50
08/30/99,30,52
08/27/99,30,52
08/26/99,28,51
08/25/99,28,52
08/24/99,28,51
08/23/99,28,51
08/20/99,28,50
08/19/99,28,49
08/18/99,28,50
08/17/99,27,51
08/16/99,28,51
08/13/99,28,50
08/12/99,28,49
08/11/99,27,49
08/10/99,26,48
08/09/99,27,50
08/06/99,26,50
08/05/99,27,50
08/04/99,28,51
08/03/99,27,50
08/02/99,28,50
07/30/99,28,49
07/29/99,27,48
07/28/99,26,49
07/27/99,26,50
07/26/99,25,50
07/23/99,26,52
07/22/99,26,50
07/21/99,28,50
07/20/99,28,50
07/19/99,28,52
07/16/99,27,52
07/15/99,27,52
07/14/99,27,51
07/13/99,27,50
07/12/99,28,50
07/09/99,28,51
07/08/99,27,51
07/07/99,27,51
07/06/99,26,51
07/05/99,26,50
07/02/99,26,50
07/01/99,26,49
06/30/99,25,48
06/29/99,25,48
06/28/99,26,48
06/25/99,25,47
06/24/99,25,47
06/23/99,26,47
06/22/99,27,48
06/21/99,26,48
06/18/99,24,46
06/17/99,25,46
06/16/99,25,45
06/15/99,25,44
06/14/99,25,44
06/11/99,25,44
06/10/99,25,43
06/09/99,25,44
06/08/99,24,44
06/07/99,25,43
06/04/99,24,41
06/02/99,24,42
06/01/99,23,42
05/31/99,23,41
05/28/99,23,41
05/27/99,23,42
05/26/99,24,42
05/25/99,24,41
05/21/99,25,43
05/20/99,24,42
05/19/99,25,43
05/18/99,25,44
05/17/99,25,45
05/14/99,25,46
05/12/99,25,45
05/11/99,26,46
05/10/99,25,46
05/07/99,26,46
05/06/99,26,46
05/05/99,26,45
05/04/99,26,46
05/03/99,26,45
04/30/99,25,45
04/29/99,25,45
04/28/99,25,44
04/27/99,25,45
04/26/99,26,45
04/23/99,25,45
04/22/99,25,45
04/21/99,24,43
04/20/99,24,42
04/19/99,25,43
04/16/99,25,41
04/15/99,25,41
04/14/99,25,41
04/13/99,24,41
04/12/99,24,40
04/09/99,24,40
04/08/99,24,40
04/07/99,23,40
04/06/99,23,39
04/01/99,23,39
03/31/99,23,39
03/30/99,24,38
03/29/99,25,38
03/26/99,24,38
03/25/99,25,38
03/24/99,24,38
03/23/99,24,39
03/22/99,24,40
03/19/99,25,40
03/18/99,24,40
03/17/99,23,39
03/16/99,23,39
03/15/99,23,38
03/12/99,23,38
03/11/99,23,36
03/10/99,23,36
03/09/99,24,37
03/08/99,23,37
03/05/99,23,38
03/04/99,23,36
03/03/99,23,34
03/02/99,24,35
03/01/99,24,35
02/26/99,25,36
02/25/99,25,36
02/24/99,25,38
02/23/99,26,37
02/22/99,26,37
02/19/99,27,39
02/18/99,27,39
02/17/99,28,38
02/16/99,28,38
02/15/99,28,38
02/12/99,27,39
02/11/99,27,39
02/10/99,27,39
02/09/99,27,38
02/08/99,27,40
02/05/99,25,40
02/04/99,25,39
02/03/99,23,40
02/02/99,24,41
02/01/99,24,41
01/29/99,23,40
01/28/99,23,39
01/27/99,23,38
01/26/99,23,38
01/25/99,23,38
01/22/99,23,37
01/21/99,24,39
01/20/99,24,39
01/19/99,23,35
01/18/99,23,35
01/15/99,23,36
01/14/99,23,36
01/13/99,25,38
01/12/99,26,39
01/11/99,27,39
01/08/99,28,39
01/07/99,27,38
01/06/99,28,39
01/05/99,26,37
01/04/99,26,36
12/30/98,24,35
12/29/98,25,37
12/28/98,25,37
12/23/98,24,37
12/22/98,23,36
12/21/98,23,35
12/18/98,21,34
12/17/98,21,35
12/16/98,21,35
12/15/98,20,34
12/14/98,21,34
12/11/98,20,33
12/10/98,21,34
12/09/98,20,34
12/08/98,20,33
12/07/98,20,33
12/04/98,20,33
12/03/98,22,36
12/02/98,22,37
12/01/98,23,38
11/30/98,25,38
11/27/98,27,39
11/26/98,25,39
11/25/98,24,38
11/24/98,23,38
11/23/98,23,38
11/20/98,22,38
11/19/98,22,38
11/18/98,22,37
11/17/98,21,37
11/16/98,21,38
11/13/98,21,36
11/12/98,20,36
11/11/98,21,36
11/10/98,21,36
11/09/98,22,36
11/06/98,23,36
11/05/98,23,37
11/04/98,23,37
11/03/98,23,33
11/02/98,23,34
10/30/98,22,33
10/29/98,22,33
10/28/98,22,33
10/27/98,23,33
10/26/98,22,31
10/23/98,21,30
10/22/98,21,30
10/21/98,22,30
10/20/98,23,31
10/19/98,21,29
10/16/98,21,30
10/15/98,20,29
10/14/98,20,29
10/13/98,19,27
10/12/98,20,27
10/09/98,19,26
10/08/98,18,26
10/07/98,20,26
10/06/98,21,28
10/05/98,20,27
10/02/98,20,26
10/01/98,19,26
09/30/98,20,29
09/29/98,23,30
09/28/98,22,30
09/25/98,20,29
09/24/98,21,30
09/23/98,21,30
09/22/98,20,29
09/21/98,19,29
09/18/98,21,32
09/17/98,22,33
09/16/98,23,37
09/15/98,23,37
09/14/98,24,37
09/11/98,24,36
09/10/98,24,37
09/09/98,24,39
09/08/98,26,39
09/07/98,25,39
09/04/98,24,37
09/03/98,23,37
09/02/98,25,38
09/01/98,24,37
08/31/98,25,37
08/28/98,26,39
08/27/98,27,39
08/26/98,28,39
08/25/98,28,39
08/24/98,27,39
08/21/98,28,39
08/20/98,30,41
08/19/98,31,40
08/18/98,31,41
08/17/98,30,39
08/14/98,30,40
08/13/98,29,39
08/12/98,30,39
08/11/98,30,39
08/10/98,30,39
08/07/98,31,40
08/06/98,31,39
08/05/98,32,41
08/04/98,31,42
08/03/98,32,42
07/31/98,33,43
07/30/98,34,42
07/29/98,35,41
07/28/98,34,41
07/27/98,33,42
07/24/98,33,44
07/23/98,33,44
07/22/98,35,44
07/21/98,36,45
07/20/98,37,43
07/17/98,38,43
07/16/98,38,42
07/15/98,38,36
07/14/98,38,36
07/13/98,37,35
07/10/98,38,35
07/09/98,37,34
07/08/98,38,35
07/07/98,38,35
07/06/98,36,35
07/03/98,36,36
07/02/98,35,35
07/01/98,35,36
06/30/98,35,36
06/29/98,35,36
06/26/98,35,35
06/25/98,35,36
06/24/98,34,36
06/23/98,34,37
06/22/98,33,35
06/19/98,34,36
06/18/98,35,36
06/17/98,36,36
06/16/98,35,36
06/15/98,35,36
06/12/98,36,36
06/10/98,38,37
06/09/98,38,37
06/08/98,38,38
06/05/98,37,38
06/04/98,36,38
06/03/98,35,38
06/02/98,35,38
05/29/98,34,38
05/28/98,35,38
05/27/98,34,38
05/26/98,35,40
05/25/98,34,40
05/22/98,33,40
05/20/98,34,38
05/19/98,32,39
05/18/98,30,38
05/15/98,31,39
05/14/98,31,39
05/13/98,32,38
05/12/98,31,36
05/11/98,31,36
05/08/98,31,35
05/07/98,31,35
05/06/98,32,36
05/05/98,31,35
05/04/98,32,35
04/30/98,31,35
04/29/98,30,35
04/28/98,30,34
04/27/98,29,34
04/24/98,30,35
04/23/98,31,36
04/22/98,31,37
04/21/98,32,39
04/20/98,33,39
04/17/98,33,39
04/16/98,32,39
04/15/98,32,39
04/14/98,33,39
04/09/98,34,39
04/08/98,34,39
04/07/98,34,40
04/06/98,34,40
04/03/98,35,39
04/02/98,34,39
04/01/98,32,41
03/31/98,32,40
03/30/98,33,40
03/27/98,33,40
03/26/98,32,40
03/25/98,33,41
03/24/98,33,41
03/23/98,33,40
03/20/98,33,39
03/19/98,32,37
03/18/98,30,36
03/17/98,29,37
03/16/98,29,37
03/13/98,29,37
03/12/98,29,37
03/11/98,29,37
03/10/98,29,37
03/09/98,30,36
03/06/98,29,36
03/05/98,29,36
03/04/98,29,37
03/03/98,30,37
03/02/98,29,37
02/27/98,29,36
02/26/98,27,37
02/25/98,26,37
02/24/98,26,36
02/23/98,25,36
02/20/98,25,37
02/19/98,25,37
02/18/98,25,38
02/17/98,25,38
02/16/98,25,37
02/13/98,25,37
02/12/98,25,37
02/11/98,25,37
02/10/98,24,37
02/09/98,23,37
02/06/98,23,37
02/05/98,23,36
02/04/98,23,36
02/03/98,23,37
02/02/98,23,37
01/30/98,23,36
01/29/98,22,36
01/28/98,21,36
01/27/98,21,35
01/26/98,20,34
01/23/98,20,34
01/22/98,21,34
01/21/98,21,35
01/20/98,21,36
01/19/98,20,35
01/16/98,20,34
01/15/98,20,34
01/14/98,20,34
01/13/98,20,34
01/12/98,19,34
01/09/98,20,36
01/08/98,21,36
01/07/98,21,36
01/06/98,21,36
01/05/98,22,37
01/02/98,21,36
12/30/97,21,35
12/29/97,20,35
12/23/97,19,34
12/22/97,19,33
12/19/97,19,33
12/18/97,20,33
12/17/97,20,33
12/16/97,20,33
12/15/97,20,33
12/12/97,20,33
12/11/97,20,33
12/10/97,21,34
12/09/97,22,36
12/08/97,22,36
12/05/97,22,36
12/04/97,22,36
12/03/97,22,35
12/02/97,22,35
12/01/97,22,35
11/28/97,21,34
11/27/97,20,35
11/26/97,20,33
11/25/97,20,33
11/24/97,20,33
11/21/97,20,35
11/20/97,20,34
11/19/97,20,33
11/18/97,19,33
11/17/97,19,32
11/14/97,18,32
11/13/97,18,32
11/12/97,18,33
11/11/97,19,34
11/10/97,19,33
11/07/97,19,34
11/06/97,20,35
11/05/97,20,35
11/04/97,20,35
11/03/97,20,36
10/31/97,20,34
10/30/97,19,35
10/29/97,19,35
10/28/97,18,33
10/27/97,20,36
10/24/97,21,37
10/23/97,21,37
10/22/97,21,39
10/21/97,21,39
10/20/97,21,38
10/17/97,21,38
10/16/97,22,40
10/15/97,22,40
10/14/97,22,40
10/13/97,22,40
10/10/97,22,39
10/09/97,22,38
10/08/97,22,39
10/07/97,23,39
10/06/97,23,39
10/02/97,23,39
10/01/97,23,39
09/30/97,23,39
09/29/97,23,38
09/26/97,23,39
09/25/97,22,40
09/24/97,22,40
09/23/97,21,40
09/22/97,21,40
09/19/97,21,39
09/18/97,21,38
09/17/97,21,38
09/16/97,22,38
09/15/97,21,36
09/12/97,20,35
09/11/97,21,36
09/10/97,21,37
09/09/97,21,39
09/08/97,21,39
09/05/97,20,38
09/04/97,20,38
09/03/97,21,38
09/02/97,21,39
09/01/97,20,38
08/29/97,20,36
08/28/97,20,36
08/27/97,20,37
08/26/97,20,37
08/25/97,21,38
08/22/97,20,39
08/21/97,21,40
08/20/97,21,41
08/19/97,21,39
08/18/97,20,38
08/15/97,20,38
08/14/97,21,39
08/13/97,22,39
08/12/97,22,41
08/11/97,22,41
08/08/97,22,41
08/07/97,22,42
08/06/97,22,41
08/05/97,23,40
08/04/97,23,40
08/01/97,23,41
07/31/97,23,41
07/30/97,23,42
07/29/97,22,42
07/28/97,23,43
07/25/97,23,41
07/24/97,23,40
07/23/97,23,39
07/22/97,23,38
07/21/97,23,38
07/18/97,23,39
07/17/97,23,39
07/16/97,24,38
07/15/97,24,37
07/14/97,24,37
07/11/97,23,37
07/10/97,23,36
07/09/97,23,36
07/08/97,23,36
07/07/97,23,36
07/04/97,23,35
07/03/97,23,36
07/02/97,22,35
07/01/97,22,34
06/30/97,22,33
06/27/97,22,34
06/26/97,22,34
06/25/97,22,35
06/24/97,22,35
06/23/97,22,34
06/20/97,22,33
06/19/97,22,33
06/18/97,22,32
06/17/97,22,32
06/16/97,22,32
06/13/97,22,33
06/12/97,22,33
06/11/97,21,32
06/10/97,21,32
06/09/97,21,32
06/06/97,22,32
06/05/97,22,32
06/04/97,22,32
06/03/97,22,32
06/02/97,22,32
05/30/97,21,31
05/29/97,22,32
05/28/97,22,32
05/27/97,23,32
05/26/97,23,32
05/23/97,22,32
05/22/97,21,32
05/21/97,21,32
05/20/97,21,32
05/16/97,22,32
05/15/97,22,32
05/14/97,23,33
05/13/97,22,33
05/12/97,22,33
05/09/97,23,33
05/07/97,23,32
05/06/97,23,32
05/05/97,24,32
05/02/97,23,31
04/30/97,22,30
04/29/97,22,30
04/28/97,21,29
04/25/97,22,29
04/24/97,22,29
04/23/97,21,29
04/22/97,21,30
04/21/97,21,29
04/18/97,21,29
04/17/97,22,29
04/16/97,22,28
04/15/97,22,28
04/14/97,22,28
04/11/97,21,28
04/10/97,22,28
04/09/97,22,29
04/08/97,21,28
04/07/97,20,29
04/04/97,19,28
04/03/97,19,28
04/02/97,19,28
04/01/97,20,28
03/27/97,21,29
03/26/97,20,29
03/25/97,19,28
03/24/97,18,28
03/21/97,18,28
03/20/97,18,27
03/19/97,18,28
03/18/97,18,28
03/17/97,19,28
03/14/97,20,28
03/13/97,20,28
03/12/97,20,28
03/11/97,19,28
03/10/97,19,28
03/07/97,19,28
03/06/97,19,28
03/05/97,18,28
03/04/97,18,28
03/03/97,17,27
02/28/97,17,28
02/27/97,17,28
02/26/97,18,28
02/25/97,18,28
02/24/97,17,27
02/21/97,18,27
02/20/97,18,27
02/19/97,18,27
02/18/97,18,27
02/17/97,18,28
02/14/97,18,28
02/13/97,18,28
02/12/97,18,28
02/11/97,17,28
02/10/97,17,28
02/07/97,17,28
02/06/97,17,28
02/05/97,17,27
02/04/97,16,27
02/03/97,16,27
01/31/97,16,26
01/30/97,16,26
01/29/97,16,25
01/28/97,16,26
01/27/97,16,25
01/24/97,16,25
01/23/97,16,26
01/22/97,16,26
01/21/97,17,25
01/20/97,17,25
01/17/97,17,25
01/16/97,17,25
01/15/97,17,25
01/14/97,17,25
01/13/97,17,25
01/10/97,16,25
01/09/97,16,25
01/08/97,16,25
01/07/97,16,24
01/06/97,16,24
01/03/97,16,24
01/02/97,16,23
12/30/96,16,23
12/27/96,16,23
12/23/96,16,23
12/20/96,16,23
12/19/96,16,23
12/18/96,16,23
12/17/96,16,23
12/16/96,16,23
12/13/96,16,23
12/12/96,16,24
12/11/96,16,23
12/10/96,16,24
12/09/96,16,24
12/06/96,16,23
12/05/96,16,24
12/04/96,16,24
12/03/96,17,24
12/02/96,16,24
11/29/96,15,24
11/28/96,15,24
11/27/96,15,23
11/26/96,15,23
11/25/96,15,23
11/22/96,14,23
11/21/96,14,23
11/20/96,14,23
11/19/96,14,24
11/18/96,14,23
11/15/96,14,24
11/14/96,14,24
11/13/96,14,24
11/12/96,14,24
11/11/96,14,24
11/08/96,14,24
11/07/96,14,24
11/06/96,14,24
11/05/96,14,26
11/04/96,14,25
11/01/96,14,26
10/31/96,14,25
10/30/96,14,25
10/29/96,14,26
10/28/96,14,26
10/25/96,14,26
10/24/96,14,26
10/23/96,14,26
10/22/96,14,26
10/21/96,14,26
10/18/96,14,26
10/17/96,14,26
10/16/96,14,26
10/15/96,14,26
10/14/96,13,26
10/11/96,13,26
10/10/96,13,26
10/09/96,13,26
10/08/96,14,26
10/07/96,14,26
10/04/96,14,26
10/02/96,13,26
10/01/96,13,26
09/30/96,13,26
09/27/96,13,26
09/26/96,13,26
09/25/96,13,26
09/24/96,13,26
09/23/96,13,26
09/20/96,13,26
09/19/96,13,25
09/18/96,13,26
09/17/96,13,26
09/16/96,13,25
09/13/96,13,25
09/12/96,13,25
09/11/96,13,25
09/10/96,13,25
09/09/96,13,25
09/06/96,13,25
09/05/96,13,25
09/04/96,13,25
09/03/96,13,25
09/02/96,13,25
08/30/96,13,25
08/29/96,13,25
08/28/96,13,26
08/27/96,13,26
08/26/96,13,26
08/23/96,13,26
08/22/96,13,26
08/21/96,13,25
08/20/96,13,25
08/19/96,13,25
08/16/96,13,26
08/15/96,13,25
08/14/96,13,25
08/13/96,13,25
08/12/96,13,25
08/09/96,13,26
08/08/96,13,26
08/07/96,13,26
08/06/96,13,26
08/05/96,13,26
08/02/96,13,26
08/01/96,13,26
07/31/96,13,25
07/30/96,13,25
07/29/96,13,25
07/26/96,13,25
07/25/96,13,25
07/24/96,13,25
07/23/96,13,25
07/22/96,13,25
07/19/96,13,25
07/18/96,13,25
07/17/96,13,25
07/16/96,13,25
07/15/96,13,26
07/12/96,13,26
07/11/96,13,26
07/10/96,14,26
07/09/96,14,27
07/08/96,14,26
07/05/96,14,27
07/04/96,13,27
07/03/96,13,26
07/02/96,13,26
07/01/96,13,27
06/28/96,13,26
06/27/96,13,26
06/26/96,13,27
06/25/96,13,27
06/24/96,13,27
06/21/96,13,27
06/20/96,13,27
06/19/96,13,27
06/18/96,13,27
06/17/96,13,27
06/14/96,13,27
06/13/96,13,27
06/12/96,13,27
06/11/96,13,27
06/10/96,13,27
06/07/96,13,27
06/06/96,13,28
06/05/96,13,28
06/04/96,13,28
06/03/96,13,28
05/31/96,13,28
05/30/96,13,28
05/29/96,13,28
05/28/96,13,28
05/24/96,13,28
05/23/96,13,28
05/22/96,13,28
05/21/96,13,28
05/20/96,13,27
05/17/96,13,28
05/15/96,12,27
05/14/96,12,27
05/13/96,13,27
05/10/96,13,27
05/09/96,12,27
05/08/96,12,27
05/07/96,12,27
05/06/96,12,27
05/03/96,12,27
05/02/96,12,27
04/30/96,13,27
04/29/96,13,27
04/26/96,13,27
04/25/96,13,27
04/24/96,13,27
04/23/96,13,27
04/22/96,13,27
04/19/96,13,27
04/18/96,13,27
04/17/96,12,27
04/16/96,13,27
04/15/96,13,27
04/12/96,13,27
04/11/96,12,26
04/10/96,12,27
04/09/96,12,26
04/04/96,12,26
04/03/96,12,26
04/02/96,12,26
04/01/96,12,26
03/29/96,12,26
03/28/96,12,26
03/27/96,12,26
03/26/96,12,27
03/25/96,12,27
03/22/96,12,27
03/21/96,12,27
03/20/96,12,27
03/19/96,12,27
03/18/96,12,27
03/15/96,12,27
03/14/96,12,27
03/13/96,12,27
03/12/96,12,26
03/11/96,12,26
03/08/96,12,27
03/07/96,12,27
03/06/96,12,27
03/05/96,12,27
03/04/96,13,27
03/01/96,13,27
02/29/96,13,27
02/28/96,13,27
02/27/96,12,27
02/26/96,12,27
02/23/96,12,27
02/22/96,12,27
02/21/96,12,26
02/20/96,12,26
02/19/96,12,27
02/16/96,12,27
02/15/96,12,27
02/14/96,12,27
02/13/96,12,27
02/12/96,12,28
02/09/96,12,27
02/08/96,12,27
02/07/96,13,27
02/06/96,13,27
02/05/96,12,27
02/02/96,13,27
02/01/96,13,27
01/31/96,13,27
01/30/96,13,27
01/29/96,13,27
01/26/96,13,27
01/25/96,13,27
01/24/96,13,27
01/23/96,12,27
01/22/96,12,27
01/19/96,12,27
01/18/96,12,27
01/17/96,12,26
01/16/96,12,26
01/15/96,12,26
01/12/96,12,26
01/11/96,12,26
01/10/96,12,26
01/09/96,12,26
01/08/96,12,26
01/05/96,12,26
01/04/96,12,26
01/03/96,12,26
01/02/96,11,26
12/29/95,11,25
12/28/95,11,26
12/27/95,11,26
12/22/95,11,26
12/21/95,11,25
12/20/95,11,25
12/19/95,11,25
12/18/95,11,25
12/15/95,11,25
12/14/95,12,25
12/13/95,11,25
12/12/95,11,25
12/11/95,11,25
12/08/95,11,25
12/07/95,11,25
12/06/95,12,25
12/05/95,12,25
12/04/95,12,25
12/01/95,12,25
11/30/95,12,24
11/29/95,12,24
11/28/95,12,24
11/27/95,12,24
11/24/95,12,24
11/23/95,12,24
11/22/95,12,24
11/21/95,12,24
11/20/95,12,24
11/17/95,12,24
11/16/95,12,24
11/15/95,12,24
11/14/95,12,24
11/13/95,12,24
11/10/95,12,24
11/09/95,12,24
11/08/95,12,24
11/07/95,12,24
11/06/95,11,24
11/03/95,11,24
11/02/95,11,24
11/01/95,12,24
10/31/95,11,24
10/30/95,11,24
10/27/95,11,23
10/26/95,11,24
10/25/95,11,24
10/24/95,11,24
10/23/95,11,23
10/20/95,11,24
10/19/95,12,24
10/18/95,12,24
10/17/95,12,24
10/16/95,12,24
10/13/95,12,24
10/12/95,11,23
10/11/95,12,23
10/10/95,12,23
10/09/95,12,24
10/06/95,12,24
10/05/95,12,24
10/04/95,12,24
10/02/95,12,23
09/29/95,12,23
09/28/95,12,23
09/27/95,12,23
09/26/95,12,24
09/25/95,12,24
09/22/95,12,24
09/21/95,12,25
09/20/95,12,25
09/19/95,13,25
09/18/95,13,25
09/15/95,13,25
09/14/95,13,25
09/13/95,13,25
09/12/95,13,25
09/11/95,13,25
09/08/95,13,25
09/07/95,13,25
09/06/95,13,24
09/05/95,13,24
09/04/95,13,24
09/01/95,13,24
08/31/95,12,24
08/30/95,12,24
08/29/95,12,24
08/28/95,12,24
08/25/95,12,24
08/24/95,12,24
08/23/95,13,24
08/22/95,12,24
08/21/95,12,24
08/18/95,13,24
08/17/95,12,24
08/16/95,12,24
08/15/95,12,24
08/14/95,12,24
08/11/95,12,24
08/10/95,12,24
08/09/95,12,24
08/08/95,12,24
08/07/95,12,24
08/04/95,12,24
08/03/95,12,24
08/02/95,12,24
08/01/95,12,24
07/31/95,12,24
07/28/95,12,24
07/27/95,13,24
07/26/95,13,24
07/25/95,13,24
07/24/95,12,24
07/21/95,12,23
07/20/95,12,23
07/19/95,12,23
07/18/95,12,23
07/17/95,12,23
07/14/95,12,23
07/13/95,12,23
07/12/95,12,23
07/11/95,12,23
07/10/95,12,23
07/07/95,12,23
07/06/95,12,23
07/05/95,12,23
07/04/95,12,23
07/03/95,12,22
06/30/95,12,22
06/29/95,12,22
06/28/95,12,22
06/27/95,12,22
06/26/95,12,23
06/23/95,12,22
06/22/95,12,23
06/21/95,12,23
06/20/95,12,22
06/19/95,12,23
06/16/95,12,22
06/14/95,12,22
06/13/95,12,22
06/12/95,12,22
06/09/95,11,22
06/08/95,12,22
06/07/95,12,22
06/06/95,12,22
06/02/95,12,22
06/01/95,12,22
05/31/95,12,22
05/30/95,11,22
05/29/95,12,22
05/26/95,11,22
05/24/95,12,22
05/23/95,11,22
05/22/95,12,22
05/19/95,11,21
05/18/95,11,22
05/17/95,11,22
05/16/95,12,22
05/15/95,12,22
05/12/95,12,22
05/11/95,12,22
05/10/95,11,22
05/09/95,11,22
05/08/95,11,22
05/05/95,11,22
05/04/95,11,22
05/03/95,11,22
05/02/95,11,22
04/28/95,11,22
04/27/95,11,22
04/26/95,11,22
04/25/95,11,22
04/24/95,10,22
04/21/95,11,22
04/20/95,10,21
04/19/95,10,21
04/18/95,11,21
04/13/95,11,21
04/12/95,11,21
04/11/95,11,22
04/10/95,11,21
04/07/95,10,21
04/06/95,10,21
04/05/95,10,21
04/04/95,10,21
04/03/95,10,21
03/31/95,10,21
03/30/95,10,21
03/29/95,10,21
03/28/95,10,21
03/27/95,10,21
03/24/95,10,21
03/23/95,10,21
03/22/95,10,21
03/21/95,10,21
03/20/95,10,21
03/17/95,10,21
03/16/95,11,21
03/15/95,11,21
03/14/95,11,21
03/13/95,10,21
03/10/95,11,21
03/09/95,11,21
03/08/95,11,21
03/07/95,11,22
03/06/95,11,22
03/03/95,11,22
03/02/95,12,22
03/01/95,12,22
02/28/95,11,22
02/27/95,12,22
02/24/95,12,22
02/23/95,12,22
02/22/95,12,22
02/21/95,12,22
02/20/95,12,22
02/17/95,12,22
02/16/95,12,22
02/15/95,12,22
02/14/95,12,22
02/13/95,12,22
02/10/95,12,22
02/09/95,12,22
02/08/95,11,22
02/07/95,11,22
02/06/95,11,22
02/03/95,11,22
02/02/95,11,21
02/01/95,11,21
01/31/95,11,21
01/30/95,11,21
01/27/95,11,21
01/26/95,11,21
01/25/95,11,21
01/24/95,11,21
01/23/95,11,21
01/20/95,11,21
01/19/95,12,21
01/18/95,12,21
01/17/95,12,21
01/16/95,12,21
01/13/95,12,21
01/12/95,12,21
01/11/95,12,21
01/10/95,12,21
01/09/95,11,21
01/06/95,11,21
01/05/95,11,21
01/04/95,11,21
01/03/95,12,21
01/02/95,12,21
12/30/94,12,21
12/29/94,12,21
12/28/94,12,21
12/27/94,12,21
12/23/94,12,21
12/22/94,12,21
12/21/94,12,21
12/20/94,12,21
12/19/94,11,20
12/16/94,11,21
12/15/94,11,20
12/14/94,11,19
12/13/94,11,19
12/12/94,11,19
12/09/94,11,19
12/08/94,11,19
12/07/94,11,19
12/06/94,11,19
12/05/94,12,20
12/02/94,11,20
12/01/94,11,20
11/30/94,11,20
11/29/94,11,20
11/28/94,11,20
11/25/94,11,20
11/24/94,11,20
11/23/94,11,19
11/22/94,12,20
11/21/94,12,20
11/18/94,12,20
11/17/94,12,20
11/15/94,12,20
11/14/94,12,20
11/11/94,12,20
11/10/94,12,20
11/09/94,12,20
11/08/94,12,20
11/07/94,12,20
11/04/94,12,20
11/03/94,12,20
11/02/94,12,20
11/01/94,12,20
10/31/94,12,20
10/28/94,12,20
10/27/94,11,20
10/26/94,11,20
10/25/94,11,20
10/24/94,11,20
10/21/94,11,20
10/20/94,12,20
10/19/94,12,20
10/18/94,12,21
10/17/94,12,21
10/14/94,12,21
10/13/94,12,21
10/12/94,12,21
10/11/94,12,21
10/10/94,12,20
10/07/94,11,20
10/06/94,11,20
10/05/94,11,20
10/04/94,11,20
09/30/94,11,20
09/29/94,11,20
09/28/94,12,21
09/27/94,12,21
09/26/94,12,21
09/23/94,12,21
09/22/94,12,21
09/21/94,12,21
09/20/94,12,21
09/19/94,12,22
09/16/94,12,22
09/15/94,12,22
09/14/94,12,22
09/13/94,12,22
09/12/94,12,22
09/09/94,12,22
09/08/94,12,22
09/07/94,12,22
09/06/94,12,22
09/05/94,12,22
09/02/94,12,23
09/01/94,13,23
08/31/94,13,23
08/30/94,13,23
08/29/94,13,23
08/26/94,13,22
08/25/94,12,22
08/24/94,12,22
08/23/94,12,22
08/22/94,12,22
08/19/94,13,22
08/18/94,13,22
08/17/94,13,22
08/16/94,13,22
08/15/94,13,22
08/12/94,13,22
08/11/94,13,22
08/10/94,13,22
08/09/94,13,22
08/08/94,13,22
08/05/94,13,22
08/04/94,13,22
08/03/94,13,22
08/02/94,13,22
08/01/94,13,22
07/29/94,13,22
07/28/94,13,22
07/27/94,13,22
07/26/94,13,22
07/25/94,13,22
07/22/94,13,22
07/21/94,13,22
07/20/94,13,22
07/19/94,13,22
07/18/94,13,22
07/15/94,13,21
07/14/94,12,21
07/13/94,12,21
07/12/94,12,21
07/11/94,12,21
07/08/94,12,21
07/07/94,12,21
07/06/94,12,21
07/05/94,12,21
07/04/94,12,21
07/01/94,12,21
06/30/94,12,21
06/29/94,12,21
06/28/94,12,21
06/27/94,12,21
06/24/94,12,21
06/23/94,12,21
06/22/94,12,21
06/21/94,11,21
06/20/94,11,21
06/17/94,12,21
06/16/94,12,21
06/15/94,12,22
06/14/94,12,22
06/13/94,12,22
06/10/94,12,23
06/09/94,12,23
06/08/94,12,23
06/07/94,12,22
06/06/94,13,23
06/03/94,13,23
06/01/94,12,22
05/31/94,13,23
05/30/94,12,22
05/27/94,13,23
05/26/94,13,22
05/25/94,13,23
05/24/94,13,23
05/20/94,14,23
05/19/94,14,23
05/18/94,14,24
05/17/94,14,24
05/16/94,14,24
05/13/94,14,24
05/11/94,14,24
05/10/94,14,24
05/09/94,14,24
05/06/94,14,24
05/05/94,14,24
05/04/94,14,24
05/03/94,13,24
05/02/94,13,24
04/29/94,13,24
04/28/94,13,24
04/27/94,13,24
04/26/94,13,24
04/25/94,13,24
04/22/94,13,24
04/21/94,13,24
04/20/94,13,23
04/19/94,13,23
04/18/94,13,24
04/15/94,13,24
04/14/94,13,23
04/13/94,13,23
04/12/94,13,23
04/11/94,13,24
04/08/94,13,23
04/07/94,13,23
04/06/94,12,23
04/05/94,13,23
03/31/94,12,22
03/30/94,12,22
03/29/94,12,23
03/28/94,12,23
03/25/94,12,23
03/24/94,12,23
03/23/94,12,23
03/22/94,12,23
03/21/94,12,22
03/18/94,13,23
03/17/94,13,23
03/16/94,13,23
03/15/94,13,23
03/14/94,13,22
03/11/94,12,22
03/10/94,13,22
03/09/94,13,22
03/08/94,13,23
03/07/94,13,22
03/04/94,13,22
03/03/94,12,22
03/02/94,12,22
03/01/94,12,22
02/28/94,12,22
02/25/94,12,22
02/24/94,12,22
02/23/94,12,22
02/22/94,12,22
02/21/94,12,22
02/18/94,13,23
02/17/94,13,22
02/16/94,12,23
02/15/94,12,22
02/14/94,12,22
02/11/94,12,22
02/10/94,12,22
02/09/94,12,22
02/08/94,11,23
02/07/94,11,22
02/04/94,11,23
02/03/94,11,23
02/02/94,12,23
02/01/94,12,23
01/31/94,11,23
01/28/94,10,23
01/27/94,10,23
01/26/94,10,23
01/25/94,10,23
01/24/94,10,23
01/21/94,10,23
01/20/94,10,23
01/19/94,10,23
01/18/94,10,23
01/17/94,10,23
01/14/94,10,23
01/13/94,10,24
01/12/94,10,25
01/11/94,11,25
01/10/94,11,25
01/07/94,11,25
01/06/94,11,25
01/05/94,10,26
01/04/94,11,26
01/03/94,11,26
12/30/93,10,26
12/29/93,10,25
12/28/93,10,26
12/27/93,10,26
12/23/93,10,25
12/22/93,10,25
12/21/93,10,24
12/20/93,10,24
12/17/93,10,24
12/16/93,10,24
12/15/93,10,24
12/14/93,10,24
12/13/93,10,24
12/10/93,10,24
12/09/93,9,24
12/08/93,10,24
12/07/93,9,23
12/06/93,9,24
12/03/93,9,24
12/02/93,9,24
12/01/93,9,24
11/30/93,9,23
11/29/93,9,23
11/26/93,9,23
11/25/93,9,23
11/24/93,9,23
11/23/93,9,23
11/22/93,9,23
11/19/93,9,24
11/18/93,9,24
11/16/93,9,24
11/15/93,9,23
11/12/93,9,23
11/11/93,9,23
11/10/93,9,23
11/09/93,9,23
11/08/93,9,23
11/05/93,9,23
11/04/93,9,23
11/03/93,9,24
11/02/93,9,24
11/01/93,9,23
10/29/93,9,23
10/28/93,9,23
10/27/93,9,23
10/26/93,9,23
10/25/93,9,23
10/22/93,9,23
10/21/93,9,23
10/20/93,9,23
10/19/93,9,23
10/18/93,9,23
10/15/93,9,23
10/14/93,9,23
10/13/93,8,23
10/12/93,9,23
10/11/93,9,23
10/08/93,9,23
10/07/93,9,23
10/06/93,9,22
10/05/93,8,22
10/04/93,8,22
10/01/93,8,21
09/30/93,8,22
09/29/93,8,22
09/28/93,8,22
09/27/93,8,21
09/24/93,8,21
09/23/93,8,21
09/22/93,8,21
09/21/93,8,21
09/20/93,8,21
09/17/93,8,21
09/16/93,8,21
09/15/93,8,21
09/14/93,8,21
09/13/93,8,21
09/10/93,8,21
09/09/93,8,21
09/08/93,8,21
09/07/93,8,21
09/06/93,8,22
09/03/93,8,22
09/02/93,8,22
09/01/93,8,22
08/31/93,8,22
08/30/93,8,22
08/27/93,8,21
08/26/93,8,22
08/25/93,8,22
08/24/93,8,22
08/23/93,8,22
08/20/93,8,22
08/19/93,8,22
08/18/93,8,22
08/17/93,8,22
08/16/93,8,22
08/13/93,8,22
08/12/93,8,22
08/11/93,8,21
08/10/93,8,21
08/09/93,8,22
08/06/93,8,22
08/05/93,8,21
08/04/93,8,21
08/03/93,8,21
08/02/93,8,21
07/30/93,8,21
07/29/93,8,21
07/28/93,8,21
07/27/93,8,21
07/26/93,8,21
07/23/93,8,21
07/22/93,8,21
07/21/93,8,21
07/20/93,8,21
07/19/93,8,21
07/16/93,8,21
07/15/93,8,21
07/14/93,8,21
07/13/93,8,21
07/12/93,8,21
07/09/93,8,21
07/08/93,8,21
07/07/93,8,20
07/06/93,7,20
07/05/93,7,20
07/02/93,7,20
07/01/93,7,20
06/30/93,7,20
06/29/93,7,20
06/28/93,7,20
06/25/93,7,20
06/24/93,7,20
06/23/93,7,20
06/22/93,7,20
06/21/93,7,20
06/18/93,7,20
06/17/93,7,20
06/16/93,7,20
06/15/93,7,20
06/14/93,7,20
06/11/93,7,20
06/09/93,7,20
06/08/93,7,20
06/07/93,7,20
06/04/93,6,20
06/03/93,6,20
06/02/93,6,19
06/01/93,6,19
05/28/93,6,19
05/27/93,6,19
05/26/93,6,19
05/25/93,6,19
05/24/93,6,19
05/21/93,6,19
05/19/93,6,19
05/18/93,6,20
05/17/93,6,20
05/14/93,6,20
05/13/93,6,20
05/12/93,7,20
05/11/93,7,20
05/10/93,7,20
05/07/93,7,20
05/06/93,7,20
05/05/93,7,20
05/04/93,7,20
05/03/93,7,20
04/30/93,7,20
04/29/93,7,20
04/28/93,7,20
04/27/93,7,20
04/26/93,7,20
04/23/93,7,20
04/22/93,7,20
04/21/93,7,21
04/20/93,7,21
04/19/93,7,21
04/16/93,7,21
04/15/93,7,21
04/14/93,7,21
04/13/93,7,21
04/08/93,7,21
04/07/93,7,20
04/05/93,7,21
04/02/93,7,21
04/01/93,7,21
03/31/93,7,21
03/30/93,7,21
03/29/93,7,21
03/26/93,7,21
03/25/93,7,20
03/24/93,7,21
03/23/93,7,20
03/22/93,7,20
03/19/93,7,21
03/18/93,7,21
03/17/93,7,21
03/16/93,7,21
03/15/93,7,21
03/12/93,7,21
03/11/93,7,22
03/10/93,7,21
03/09/93,7,21
03/08/93,7,21
03/05/93,7,21
03/04/93,7,21
03/03/93,7,21
03/02/93,7,22
03/01/93,7,22
02/26/93,7,21
02/25/93,7,21
02/24/93,7,21
02/23/93,7,21
02/22/93,7,21
02/19/93,7,21
02/18/93,7,21
02/17/93,7,21
02/16/93,7,21
02/15/93,7,21
02/12/93,7,21
02/11/93,7,21
02/10/93,7,21
02/09/93,7,20
02/08/93,7,20
02/05/93,7,20
02/04/93,7,20
02/03/93,7,20
02/02/93,7,20
02/01/93,7,19
01/29/93,7,19
01/28/93,7,19
01/27/93,7,19
01/26/93,7,20
01/25/93,7,19
01/22/93,7,19
01/21/93,7,19
01/20/93,7,19
01/19/93,7,19
01/18/93,7,19
01/15/93,7,19
01/14/93,7,19
01/13/93,7,18
01/12/93,7,19
01/11/93,7,18
01/08/93,7,18
01/07/93,7,19
01/06/93,7,19
01/05/93,7,19
01/04/93,7,19
12/30/92,7,19
12/29/92,7,19
12/28/92,7,19
12/23/92,7,19
12/22/92,7,19
12/21/92,7,19
12/18/92,7,19
12/17/92,7,19
12/16/92,7,19
12/15/92,7,19
12/14/92,7,19
12/11/92,7,19
12/10/92,7,19
12/09/92,7,19
12/08/92,7,19
12/07/92,7,19
12/04/92,7,19
12/03/92,7,19
12/02/92,7,19
12/01/92,7,19
11/30/92,7,19
11/27/92,7,19
11/26/92,7,19
11/25/92,7,19
11/24/92,7,19
11/23/92,7,19
11/20/92,7,19
11/19/92,7,19
11/17/92,7,19
11/16/92,7,19
11/13/92,7,19
11/12/92,7,18
11/11/92,7,18
11/10/92,7,18
11/09/92,7,18
11/06/92,7,18
11/05/92,7,18
11/04/92,7,18
11/03/92,7,18
11/02/92,7,18
10/30/92,7,18
10/29/92,7,18
10/28/92,7,18
10/27/92,7,18
10/26/92,7,18
10/23/92,7,18
10/22/92,7,18
10/21/92,7,18
10/20/92,7,18
10/19/92,7,18
10/16/92,6,18
10/15/92,6,18
10/14/92,6,18
10/13/92,7,18
10/12/92,6,17
10/09/92,6,18
10/08/92,6,18
10/07/92,6,18
10/06/92,6,18
10/05/92,6,18
10/02/92,7,18
10/01/92,7,19
09/30/92,7,18
09/29/92,7,18
09/28/92,7,19
09/25/92,7,19
09/24/92,7,19
09/23/92,7,19
09/22/92,8,19
09/21/92,8,19
09/18/92,8,19
09/17/92,8,19
09/16/92,8,20
09/15/92,8,20
09/14/92,8,20
09/11/92,7,19
09/10/92,7,19
09/09/92,7,19
09/08/92,7,19
09/07/92,7,19
09/04/92,7,19
09/03/92,7,19
09/02/92,7,19
09/01/92,7,19
08/31/92,7,19
08/28/92,7,19
08/27/92,7,19
08/26/92,7,19
08/25/92,7,19
08/24/92,7,19
08/21/92,7,19
08/20/92,7,19
08/19/92,8,19
08/18/92,8,19
08/17/92,8,20
08/14/92,8,20
